ID,Artist,Album,Media type,Xfer option,Xfer type,Image #,Total CDs,Date received,Customer notes,Private notes,Track 1,Track 2,Track 3,Track 4,Track 5,Track 6,Track 7,Track 8,Track 9,Track 10,Track 11,Track 12,Track 13,Track 14,Track 15,Track 16,Track 17,Track 18,Track 19,Track 20,Track 21,Track 22,Track 23,Track 24,Track 25,Track 26,Track 27,Track 28
01234-00001,artist1,album1,LP,std,CD,,,,,,,,,,,,,,,,,,,,,,,,,,,,,,,,,
01234-00002,artist2,album2,cass,del,mp3,,2,,,,Track 1,Track 2,Track 3,Track 4,,,,,,,,,,,,,,,,,,,,,,,,
01235-00001,artist1,album3,45,,CD,,,,I really like this 45,"Not enough, you don't",,,,,,,,,,,,,,,,,,,,,,,,,,,,
01951-00001,Con Hunley,Ask Any Woman,LP,del,CD,,,12/16/2014,,,He Will Break Your Heart,Don't It Break Your Heart,When It's Over,I'm Back To Putting Up a Front Again,Table For One,Ask Any Woman,Would You Let A Fool Come In,She's Steppin' Out,No Relief In Sight,Tryin' To Love Two,,,,,,,,,,,,,,,,,,
01951-00002,Con Hunley,Don't It Break Your Heart,LP,del,CD,,,12/16/2014,,,It Wasn't Me,What's New With You,They Never Lost You,Someone I Used To Love,I Wanta Wake Up With You,Foolish Feelings,I'm Losing My Life,Too Big For Words,This Ol' Cowboy's Going Home,Don't It Break Your Heart,,,,,,,,,,,,,,,,,,
01951-00003,Con Hunley,Con Hunley,LP,del,CD,,,12/16/2014,,,I've Been Waiting For You All Of My Life,Since I Fell for You,You've Still Got a Place In My Heart,Week-End Friend,Livin' On The Funky Side,That's All That Matters,Let's Try Again,Honky Tonk Heart,I'll Be Blue,Only the Strong Survive,,,,,,,,,,,,,,,,,,
01951-00004,Con Hunley,Oh Girl,LP,del,CD,,,12/16/2014,,,Just Like Old Times,Oh Girl,My Heart Will Know,Confidential,"Stop, You're Killing Me",Ain't No Woman (Like The One I've Got),Tonight I Took Your Memory Off The Wall,It Used To Be Me,She Never Laid Love On Me,I Still Have Dreamin',,,,,,,,,,,,,,,,,,
01951-00005,Con Hunley,I Don't Want To Lose You,LP,del,CD,,,12/16/2014,,,You Lay A Whole Lot of Love On Me,Fire In The Morning,The Loneliness In Me,Straight To My Heart,I Don't Want To Lose You,Lover's Lullaby,Rhythm And Blues,When It Hurts You Most,Lady Got Soul,Take It Easy,,,,,,,,,,,,,,,,,,
01894-00001,Bob Ayala,Joy by Surprise,LP,del,CD,,,12/16/2014,,,"Stephanie, With Love",Do You Know Him?,Try and Keep the Pace,To the Ancient of Days,Peace,Silent Witness,Joy By Surprise,The Song of Joseph,Lord!,New Beginnings,,,,,,,,,,,,,,,,,,
01892-00001,Members of the Richard Hickox Singers and Orchestra,"English Medieval Carols and Christmas Music, Vol. I ???Be Merry???",LP,del,CD,,,12/16/2014,,,"Nowell, nowell: The boares head",Ave Maria,Ave regina celorum (motet),Ave regina celorum (organ),Ah my dear,There is no rose,"Be merry, be merry",Ave regina celorum (plainsong),Ave regina celorum (motet),Ave domina,Instrumental consorts (Henry VIII & Cornish),"Goday, my lord","Marvel not, Joseph",,,,,,,,,,,,,,,
01892-00002,Members of the Richard Hickox Singers and Orchestra,"English Medieval Carols and Christmas Music, Vol. II ???Nowell-Nowell???",LP,del,CD,,,12/16/2014,,,Alma redemptoris mater (motet),Alma redemptoris mater (carol),Of a rose sing we,Instrumental consort (Anon.),Alleluia: A newe work,Chester processional,Sweet Jesus,Nowell sing we,Sub tuam protectionem,Angelus ad virginem,"Ecce, quod natura","Nowell, nowell: Dieu vous garde",,,,,,,,,,,,,,,,
01893-00001,"Wally Scott, his Orchestra and Chorus",Happy Holiday Christmas in High Fidelity,LP,del,CD,,6,12/16/2014,,,Happy Holiday,Wassail Song,Have Yourself a Merry Little Christmas,Christmas Sleigh Bells,Shepherd's Chorus,The Holly and the Ivy,The Christmas Waltz,Away in a Manger,Good King Wenceslas,Snowfall,Silent Night! Holy Night!,White Christmas,,,,,,,,,,,,,,,,
01899-00001,The Choir of St. George's School,"Music From St. George's Chapel, Newport, R. I.",LP,del,CD,,,12/16/2014,,,Once in Royal David's City,The Holly and the Ivy,Of the Father's Love Begotten,Unto Us a Boy Is Born,Adam Lay Ybounden,Good King Wenceslas,The Angel Gabriel,Torches,"Magnificat, with verses in Faux-Bourdon","Nunc Dimittis, with verses in Faux-Bourdon",Let Thy Merciful Ears,Humbly I Adore Thee,Christ to Thee Be Glory,"Give Ear, O Lord",Brother Jame's Air,Kyrie Eleison,The Old Hundredth,,,,,,,,,,,
01849-00001,Maile Aloha Singers,Christmas Aloha,LP,del,CD,,,12/16/2014,,,Ku'u Pahu Nei (Carol of the Drum),Smol Taon (Small Town),Po Hemolele (O Holy Night),Vivii I Le Atua (Praise the Lord),Oshogatsu (New Year's),"Merry Christmas, Darling",Kasadya Ning Takna'a (Joyful Is This Hour),The Twelve Christmas Days,Mary's Boy Chile,Kani Bele E (Carol of the Bells),Enfant Prodigue (Prodigal Child),Santa Claus is Coming to Town,,,,,,,,,,,,,,,,
01845-00001,Julie Andrews and Carol Burnett,Julie and Carol at Carnegie Hall,LP,del,CD,,,12/16/2014,,,No Mozart Tonight,You're So London,Oh Dear What Can The Matter Be,From Russia: The Nausiev Ballet,Meantime,From Switzerland: The Pratt Family,History of Musical Comedy,From Texas: Big ???D???,,,,,,,,,,,,,,,,,,,,
01845-00002,"Lori Edland with Sue Anderson, Jim Winker, Paul Breske, Jack Barnett, and Jeff Bartell",On Stage Tonight Recorded Live at Chula Vista,LP,del,CD,01845-00003,,12/16/2014,Play at 33 1/3 R.P.M. use a 78 R.P.M. needle,,Walkin Happy Comedy,Fiddler Medley,,,,,,,,,,,,,,,,,,,,,,,,,,
01845-00003,"Lori Edland with Sue Anderson, Jim Winker, Paul Breske, Jack Barnett, and Jeff Bartell",On Stage Tonight Recorded Live at Chula Vista,LP,del,CD,,,12/16/2014,Play at 33 1/3 R.P.M. use a 78 R.P.M. needle,,Open Cabaret,Something Better,What Makes Me Love,Belly Up,Once Was a Man,,,,,,,,,,,,,,,,,,,,,,,
01845-00004,"Racine, Wisconsin Elks Youth Band",1959 National Junior Champions,LP,del,CD,,,12/16/2014,,,Ariane - Boyer,Pique Dame - VonSuppe,Espani Cani - Marquina,Toccata for Band - Erickson,His Honor March - Filmore,Block M March - Bilik,Purple Carnival - Filmore,Fiesta Calypso - Myers,Bells Across The Gridiron - Walters,Hands Across The Sea - Sousa,Klaxon - Alford,Grandioso - Seitz,,,,,,,,,,,,,,,,
01845-00005,The Bethel Choirs,Hymns,LP,del,CD,,,12/16/2014,,,"Praise to the Lord, The Almighty",Beneath the Cross of Jesus,Children of the Heavenly Father,"Amazing Grace, How Sweet the Sound",Now All the Vault of Heaven Resounds,Away in a Manger,Crown Him with Many Crowns,Let All Things Now Living,Let Us Break Bread Together,"All Praise to Thee My God, This Night","Oh, Come, Oh, Come, Emmanuel",Lift High The Cross,,,,,,,,,,,,,,,,
01845-00006,Original Cast Recording ??? New York Shakespeare Festival Production,I'm Getting My Act Together And Taking It On The Road,LP,del,CD,,,12/16/2014,,,Natural High,Miss America,Put in a Package and Sold,Smile/Dear Tom,Old Friend,Strong Woman Number,Feel the Love/Lonely Lady,In a Simple Way I Love You,Happy Birthday/Natural High (reprise),,,,,,,,,,,,,,,,,,,
01845-00007,Wisconsin Idea Theatre ??? University of Wisconsin,Hodag!,LP,del,CD,,,12/16/2014,,,Overture,You'll Like Rinelander,What Kind of Man,How Little It Takes,A First Class Citizen,Kentuckian Song,What Sort of Person,Moss Song,Utopia,Two-Way Reprise,Let's Suppose,The Most Fabulous Boat in the World,Things Are Looking Up,Finale - Act I,Who Wears The Pants,Say No More,Ensemble,Hodag!,Finale,Exit Music,,,,,,,,
01835-00001,Various,A Child's Christmas,LP,del,CD,,,12/16/2014,,,Twas the Night Before Christmas (Art Carney),"Rudolph, The Red-Nosed Reindeer (Gene Autry)",Parade of Wooden Soldiers (Ray Heatherton ??? Columbia Playtime Orchestra),(I'm Gettin') Nuttin' For Christmas (Ricky Zahnd and The Blue Jeaners),The Twelve Days of Christmas (Burl Ives ??? Percy Faith Orchestra and Chorus),Something Barked on Christmas Morning (Ricky Zahnd and The Blue Jeaners with Tony Mottola Orchestra),"March of the Christmas Toys (Jose Ferrer with The Quartones, Orchestra Directed by Sid Fellers)",Jingle Bells (Jerry Wayne with Orchestra),Good King Wenceslas (Jerry Wayne with Orchestra),,,,,,,,,,,,,,,,,,,
01813-00001,Bonnie and the Failures,M'Lady Hundson's Puffe,LP,del,mp3,,,12/16/2014,,,Where the bee sucks,Entracte ??? Ibert,It fell on a Summers Day (wedding processional),Salterello (recessional),M'Lady Hundsdon's Puffe,Ms Nichol's Almand,Flesh Failures / Let the sun shine in,Bo Jangles,,,,,,,,,,,,,,,,,,,,
01813-00002,Bonnie and the Failures,Vol. II,LP,del,mp3,,,12/16/2014,,,Sonata for Flute,La Volta,"Now, O Now I Needs Must Part",The Cobbler,When to Her Lute Corinna Sings,English Dance,Simple Gifts,Our House,Colors,For Baby,Wedding Song,Two Bourrees,Kalenda Maya,April,,,,,,,,,,,,,,
01565-00001,Bellport High School Jazz Rock Ensemble,Bellport High School Jazz Rock Ensemble,LP,del,mp3,,,12/16/2014,,,Prologue,Smokin',You're No Good,Saturday In the Park,Sweet Home Alabama,Midnite Cruiser,Takin' It to the Streets,Another Cruel Love,Down in the Flood,Take It to the Limit,,,,,,,,,,,,,,,,,,
01565-00002,Bellport High School Jazz Rock Ensemble,Bellport High School Jazz Rock Ensemble,LP,del,mp3,01565-00001,,12/16/2014,,,Peace of Mind,Magic Man,When Will I Be Loved,Walk This Way,Wheels of Fortune,Reelin' In the Years,Victim of Love,Do You Feel Like We Do,Never Wanting More,,,,,,,,,,,,,,,,,,,
01565-00003,Bellport High School Jazz Rock Ensemble,Bellport High School Jazz Rock Ensemble,LP,del,mp3,01565-00001,,12/16/2014,,,Til Colors Fade,Rockin' Me Baby,Here I Go Again,Take Me Inside Your Dream,I Just Want To Celebrate,Warm Ways,Say You Love Me,Freebird,,,,,,,,,,,,,,,,,,,,
01812-00001,Bellport High School Jazz Rock Ensemble,Bellport High School Jazz Rock Ensemble,LP,del,CD,01565-00001,,12/16/2014,,,Prologue,Smokin',You're No Good,Saturday In the Park,Sweet Home Alabama,Midnite Cruiser,Takin' It to the Streets,Another Cruel Love,Down in the Flood,Take It to the Limit,,,,,,,,,,,,,,,,,,
01812-00002,Bellport High School Jazz Rock Ensemble,Bellport High School Jazz Rock Ensemble,LP,del,CD,01565-00001,,12/16/2014,,,Peace of Mind,Magic Man,When Will I Be Loved,Walk This Way,Wheels of Fortune,Reelin' In the Years,Victim of Love,Do You Feel Like We Do,Never Wanting More,,,,,,,,,,,,,,,,,,,
01812-00003,Bellport High School Jazz Rock Ensemble,Bellport High School Jazz Rock Ensemble,LP,del,CD,01565-00001,,12/16/2014,,,Til Colors Fade,Rockin' Me Baby,Here I Go Again,Take Me Inside Your Dream,I Just Want To Celebrate,Warm Ways,Say You Love Me,Freebird,,,,,,,,,,,,,,,,,,,,
01948-00001,Stillwater High School Choir,On Broadway... Off Broadway...,LP,del,CD,,2,12/16/2014,,,This Old Hammer,Waltzing Matilda,I Hear a Voice a Prayin',Concert Choir: Maria,Vagabonds: Song of the Vagabonds,Thoroughly Modern Millie,If I Had My Way,There Is Nothing Like a Dame,Male Chorus: Drill Ye Tarriers Drill,Matchmaker,Female Chorus: Sunrise Sunset,MTA,The Cat,,,,,,,,,,,,,,,
01948-00002,,Hodie Christus Natus Est (Today Christ Is Born),LP,del,CD,,2,12/16/2014,,,Hodie Christus Natus Est (Palestrina),Hodie Christus Natus Est (Willan),Lord Hosanna in the Highest,How Far is it to Bethlehem,When Christ Was Born,Glory to God in the Highest,Hodie Christus Natus Est (Sweelinck),A Son in Born of Mary,All Were There,Carol of the Drum,"Still, Still, Still",O Little Town of Bethlehem,The Holly and the Ivy,Joy to the World,,,,,,,,,,,,,,
01948-00003,,Hootenanny '68,LP,del,CD,,2,12/16/2014,,,B Chorus: Blowin' in the Wind,B Chorus: The Hammer Song,Combined Choruses: Americana,Combined Choruses: Wimoweh,Combined Choruses: Down the Ohio,"Kent Jackson, Mark Slope: Wreck of the John B",Girls Chorus: Will He Remember,Vagabonds: The Banjo,Vagabonds: Eddystone Light,"Concert Choir: Weep, O Willow",Concert Choir: I Know Where I'm Goin',,,,,,,,,,,,,,,,,
01948-00004,,SHS Spring Concert Nineteen Sixty-Nine Directed by Dennis Brown,LP,del,CD,,2,12/16/2014,,,Cantate Domino,Prayers of Steel,O Give Thanks Unto the Lord,Time and Space,All Day I Hear,April,A Jubilant Song,Our Father,The Last Words of David,"Up, Up and Away",The Impossible Dream,,,,,,,,,,,,,,,,,
01948-00005,Stillwater High School Christmas Festival Directed by Denis Brown,Glory to God in the Highest,LP,del,CD,,2,12/16/2014,,,Concert Choir: Wolcum Yole,Concert Choir: This Little Babe,Concert Choir: O Magnum Mysterium,Concert Choir: Ave Maria,Vagabonds: Here Are We in Bethlehem (Solo: Chris Strutt),Vagabonds: Glory to God in the Highest,"Vagabonds: Sing Ye, Sing Noel",B Chorus: Gloria In Excelsis Deo,Combined Choirs and Band: Glory to God in the Highest (Pt. 1),Combined Choirs and Band: Glory to God in the Highest (Pt. 2),Combined Choirs and Band: Salvation is Created,B Chorus: Song of Mary (Magnificat),Girls Choir: Do You Hear What I Hear,,,,,,,,,,,,,,,
01948-00006,"Stillwater High School Choirs Directed by Denis Brown, Stillwater High School Band Directed by George Regis",Christmas Festival,LP,del,CD,,2,12/16/2014,,,"Stillwater Vagabonds: O Come, All Ye Faithful; Joy to the World; Deck the Halls; The Holly and the Ivy",Stillwater Concert Choir: Procession; Wolcum Yole; There is No Rose; As Dew in Aprille; This Little Babe; Deo Gracias,Ave Maria,He is Born,"Stillwater B Chorus: Hark, Now, O Shepherds!",Stillwater B Chorus: Lord Hosanna in the Highest,Stillwater Girl's Chorus: Christmas Folk Song,Stillwater Girl's Chorus: Come to the Manger,Stillwater Band and Choirs: Canticale to Peace,"Stillwater Band, Choirs and Alumni: Salvation is Created",,,,,,,,,,,,,,,,,,
01898-00001,,B.poen,cass,del,CD,,2,12/16/2014,,,unlisted,,,,,,,,,,,,,,,,,,,,,,,,,,,
01961-00001,Humble Gospelaires,,cass,del,CD,,2,12/16/2014,,,unlisted,,,,,,,,,,,,,,,,,,,,,,,,,,,
01961-00002,Humble Gospelaires,,cass,del,CD,,2,12/16/2014,,,unlisted,,,,,,,,,,,,,,,,,,,,,,,,,,,
01961-00003,,H.G.A.,cass,del,CD,,2,12/16/2014,,,unlisted,,,,,,,,,,,,,,,,,,,,,,,,,,,
01834-00001,The Yale Whiffenpoofs,People Who Need People,cass,del,CD,,,12/16/2014,,,"Aj, L??cka, L??cka, Siroka",Little Pony,On Broadway,September Song,Twisted,I Cover the Waterfront,Down by the Sally Gardens,Whatever Lola Wants,Time After Time,Chattanooga Choo Choo,Comething Like the Blues,Danny Boy,Bye-bye Blackbird,Too Darn Hot,Eli's Comin',When Sonny Gets Blue,The Girl From Ipanema,Everything Happens to Me,The Christmas Song,Up on the Housetop,The Song Is You,Strange Fruit,Here's That Rainy Day,Midnight Train to Georgia,Just a Gigolo,I'll Be Seeing You,The Whiffenpoof Song,
01834-00002,Untitled,Untitled,cass,del,CD,,,12/16/2014,,,unlisted,,,,,,,,,,,,,,,,,,,,,,,,,,,
01839-00001,WEG/AGT Singing,WEG/AGT Singing,cass,del,CD,,,12/16/2014,,,Sweet Genevieve,Kathleen,Comin' Thru the Rye,Drink to Me Only,Annie Laurie,My Bonnie,Still as the Night ,Beautiful Dr.,Where Ere,Steal Away,Nobody Knows,Swing Low,I Give to You and You Give to Me,,,,,,,,,,,,,,,
01840-00001,The Smurfs,Best of Friends,cass,del,CD,,,12/16/2014,,,Smurfin' All Around the World,Best Friend of All,Let's Play Another One,Smurfin' Summertime,Dance with Reggae Smurf,If You Come to Smurfing Land,Smurf Rodeo,Believe,"Here's a Smurf, There's a Smurf",Smurf Square Dance,Follow My Leader,Sleep Until the Brand New Day,,,,,,,,,,,,,,,,
01901-00001,,Some of My Fav. Song's Gospel Song's Clarence,cass,del,CD,,,12/16/2014,,,unlisted,,,,,,,,,,,,,,,,,,,,,,,,,,,
01881-00001,,Mapu A Vaea Tonga '89,cass,del,CD,,,12/17/2014,,,Sieku 'Ofa ni,Matangi Ne Taka i Loto Waikato,Angi E Matangi,Sioto Kakala,Malu Efiafi,San Mateo,Iseisa sii Matangi Taka,api Ko Toloa,Siueli Eku Nofo Taimi,Avea 'Ae Loto,Hufanga He Fakatapu Na,Mapu a Vaea,,,,,,,,,,,,,,,,
01881-00002,,KoKeii 'oe 'Otufeleniie,cass,del,CD,,,12/17/2014,,,unlisted,,,,,,,,,,,,,,,,,,,,,,,,,,,
01881-00003,,Fofoanga 'O 'Atearoa,cass,del,CD,,,12/17/2014,,,unlisted,,,,,,,,,,,,,,,,,,,,,,,,,,,
01881-00004,,Seti Vaolongolongo Motu'A,cass,del,CD,,,12/17/2014,,,unlisted,,,,,,,,,,,,,,,,,,,,,,,,,,,
01881-00005,"Various, Recorded by David Fanshawe",Island Music of the South Pacific,cass,del,CD,,,12/17/2014,,,Drum Dance,Tapa Cloth Beating,Mire,Imenetuki,Tau'a'alo,Faikava Love Song,Octopus Fishing,Fangufangu Nose Flute,Muli Ru Pe,Male Fan Dance,Club Dance,Vakamalolo,New Year Celebration,Pan Pipes Duma,Pan Pipes Oibola,Pan Pipes Kwaio,Spirit Song,Shell Money Making,Women's Song Kukuburi,Te Kamei,Te Kawawa,Toddy Cutting Song,SASA Solosolu,Conche Shell Hom,Tagi,Ma'ulu ulu Manono,Imene Tarava,
01881-00006,,Lakalaka,cass,del,CD,,,12/17/2014,,,unlisted,,,,,,,,,,,,,,,,,,,,,,,,,,,
01881-00007,,Fakaofo (Tonga) Religious Music,cass,del,CD,,,12/17/2014,,,unlisted,,,,,,,,,,,,,,,,,,,,,,,,,,,
01881-00008,,Himi -- Tongon Religious Music,cass,del,CD,,,12/17/2014,,,unlisted,,,,,,,,,,,,,,,,,,,,,,,,,,,
01881-00009,"Tongan Entertainers, Queen Salote College Choir, The Tui Mala Group",Destination Tonga,cass,del,CD,,,12/17/2014,,,Manu'o Palataisi (The Birds of Paradise),Music of the Nose Flute,Te U Talanoa Ki He 'Utulongoa'a (The Ocean and the Beach),Fungani (The Topmost),Me'e Tu'upaki (Religious dance with drum),Si'i Tokomea (The Pool Where My Love Swims),Lupe Fano (She Lives in the Ocean),Lotu Ae'iki (Prayer to God),Munaloto (My Imagination),Pongia Au Loto (Faint-hearted),Heilala Fisi' Inui (Pretty Flower),Kemo'e Faka Anu (Wishing I Could Be With You),Ise'isa He Me'a Mamahi (Farewell Song),,,,,,,,,,,,,,,
01881-00010,,Vai Ko Siu Mo Heu,cass,del,CD,,,12/17/2014,,,unlisted,,,,,,,,,,,,,,,,,,,,,,,,,,,
01865-00001,,Untitled,cass,del,CD,,,12/17/2014,,,unlisted,,,,,,,,,,,,,,,,,,,,,,,,,,,
01865-00002,,Bad Co.,cass,del,CD,,,12/17/2014,,,unlisted,,,,,,,,,,,,,,,,,,,,,,,,,,,
01865-00003,,Chris Glatis #2,cass,del,CD,,,12/17/2014,,,unlisted,,,,,,,,,,,,,,,,,,,,,,,,,,,
01865-00004,U.S.O.P. Gospel,U.S.O.P. Gospel -- Spring '93,cass,del,CD,,,12/17/2014,,,unlisted,,,,,,,,,,,,,,,,,,,,,,,,,,,
01865-00005,U.S.O.P. Gospel Choir at S.F.S.U.,"""On The Battlefield"" Concert",cass,del,CD,,,12/17/2014,,,unlisted,,,,,,,,,,,,,,,,,,,,,,,,,,,
01865-00006,,USOP Soprano's Master Tape (Originals) 1/30/98,cass,del,CD,,,12/17/2014,,,unlisted,,,,,,,,,,,,,,,,,,,,,,,,,,,
01865-00007,,Untitled,cass,del,CD,,,12/17/2014,,,unlisted,,,,,,,,,,,,,,,,,,,,,,,,,,,
01865-00008,,Talking Tape,cass,del,CD,,,12/17/2014,,,unlisted,,,,,,,,,,,,,,,,,,,,,,,,,,,
01865-00009,Adele Uddo,You Need Me in Your Eyes,cass,del,CD,,,12/17/2014,,,unlisted,,,,,,,,,,,,,,,,,,,,,,,,,,,
01865-00010,,Case Of You (Rico's House),cass,del,CD,,,12/17/2014,,,unlisted,,,,,,,,,,,,,,,,,,,,,,,,,,,
01865-00011,Various,1993 Love Tape,cass,del,CD,,,12/17/2014,,,The Body That Loves You (JJ),Anytime (Janet Jackson),Givin' My All (Jonnie Gill),Lady Dujour (Jonnie Gill),Uhh Ahh (Boyz II Men),Joy in Repitition (Prince),Feels Like Heaven (Kenny V),Please Don't Go (Boyz II Men),"Reasons (Earth, Wind, Fire)",Secret Garden,Slow Down (Mary J Blige),After the Dance (Marvin G.),Baby Come 2 Me (Regina B.),Let's Spend the Night (Jonnie G.),Anything in this World (Lenny K.),International Love (Prince),Music Box (Mariah Carey),All I've Ever Wanted (Mariah),,,,,,,,,,
01865-00012,,Ectasy + I'm Threw Playing Games,cass,del,CD,,,12/17/2014,,,unlisted,,,,,,,,,,,,,,,,,,,,,,,,,,,
01882-00001,Zazen,Samurai,cass,del,CD,,,12/17/2014,,,The Samurai Prepares,The Samurai Confronts Himself,The Samurai in Battle,The Emptiness of Life,The Emptiness of Space,Transience,After Battle,Completion is Beginning Again,The Sword of the Samurai,Surprise Attack,Samurai's Victory Song,Elegance in Combat,Defeating Death,Merging with the Tao,,,,,,,,,,,,,,
01882-00002,Zazen,Mandala of Light,cass,del,CD,,,12/17/2014,,,Morning,Noon,Sunset,,,,,,,,,,,,,,,,,,,,,,,,,
01882-00003,Zazen,Atlantis Rising,cass,del,CD,,,12/17/2014,,,Crystal Dome,Wizard,Telepathy,Temple of Atlantis,Sundial,Atlantis Rising: 1) The Fall,Atlantis Rising: 2) Regeneration,,,,,,,,,,,,,,,,,,,,,
01882-00004,Zazen,Light Saber,cass,del,CD,,,12/17/2014,,,Shire Dance,Journey to Mordor,Song of the Cave Dwarves,Gandalf the Wizard,Entmont,Bilbo's Song - The Road Goes On and On,Hobbit Plane,Lothlorien,Light Saber,,,,,,,,,,,,,,,,,,,
01882-00005,Zazen,Mystery School,cass,del,CD,,,12/17/2014,,,Songs for Isis: Harvest Time,Songs for Isis: Nile Melody,Songs for Isis: Fertility Rite,Odes to Ra: High Priest,Odes to Ra: Sun Worship,Odes to Ra: Mystery School,,,,,,,,,,,,,,,,,,,,,,
01882-00006,Zazen,Urban Destruction,cass,del,CD,,,12/17/2014,,,Freeway Nightmares,Malibu,Death on Melrose,Urban Destruction,L.A. Digital Mindscapes,Bag Lady Blues,Psychotic Dog,,,,,,,,,,,,,,,,,,,,,
01882-00007,Zazen,Occult Dancer,cass,del,CD,,,12/17/2014,,,Sunset -- Part 2,Midnight,4:00 AM,,,,,,,,,,,,,,,,,,,,,,,,,
01882-00008,Zazen,Mystery School -- Music from the Other Side,cass,del,CD,,,12/17/2014,,,Crystal Dome,Harvest Time,Telepathy,Fertility Rite,High Priest,Nile Melody,Mystery School,,,,,,,,,,,,,,,,,,,,,
01947-00001,BonBons,,cass,del,CD,,,12/17/2014,,,Luxury of Love,Your Kiss,A Boy in the Sun,Remember,,,,,,,,,,,,,,,,,,,,,,,,
01885-00001,,Conversation with Mom - 9/10/96,cass,std,CD,,,12/17/2014,,,,,,,,,,,,,,,,,,,,,,,,,,,,,,
01885-00002,,1993 Summer / Part 1 - Interview with Mother,cass,std,CD,,,12/17/2014,,,,,,,,,,,,,,,,,,,,,,,,,,,,,,
01884-00001,The King Brothers Orchestra,Happy Tappy Polkas,cass,del,CD,,,12/17/2014,,,Happy Tappy,Play Musicians,Jumping Johnny,Come On and Dance,In a Hurry,Grandfathers,Drink Your Beer ,Cabbage Patch,Red Rose,Home Life,Siwey Kon,Reevesdale,,,,,,,,,,,,,,,,
01967-00001,,Ten Tones 1969,cass,del,CD,,,12/17/2014,,,unlisted,,,,,,,,,,,,,,,,,,,,,,,,,,,
01949-00001,College Park Presbyterian Church Choir,Messiah by Handel,LP,del,CD,,,12/17/2014,,,Overture,"Comfort Ye My People, Every Valley Shall Be Exalted",And the Glory of the Lord,Thus Saith the Lord,And He Shall Purify,Behold a Virgin Shall Conceive,O Thou That Tellest Good Tidings to Zion,"For Behold, Darkness Shall cover the Face of the Earth",The People that Walked in Darkness,For Unto Us a Child is Born,There Were Shepherds Abiding...,Glory to God,Then Shall the Eyes of the Blind...,Hallelujah Chorus,,,,,,,,,,,,,,
01933-00001,Beethoven -- Vienna Symphony Orchestra,"""Pastoral"" Symphony No. 6 in F Major",LP,del,CD,,,12/17/2014,,,Mvt. 1: Cheerful impressions received on arriving in the country (Allegro ma non troppo),Mvt. II: By the brook (Andante molto mosso),Mvt. III: Peasants' merry-making (Allegro); Mvt. IV: Tempest and Storm (Allegro); Mvt. V: The Shepherd Hymn; Thanksgiving after the Storm (Allegretto),,,,,,,,,,,,,,,,,,,,,,,,,
01955-00001,Creston High School A Cappella Choir,"Come, Singing Noel -- Christmas 1967",LP,del,CD,,,12/17/2014,,,"Come, Singing Noel",Deck the Halls,Let Our Gladness Have No End,We Wish You the Merriest,Christmas Time,Carol of the Bells,While By My Sheep,"Dear Santa, Have You Had the Measles?",Do you Hear What I Hear?,Joy to the World,Hodie Christus Natus Est,Jingle Bells,Two Kings,Snow is Falling,Christmas Roundelay,Thirty-Two Feet and Eight Little Tails,Everywhere Christmas Tonight,A-Caroling We Go,Soon It Will Be Christmas Day,Silent Night,,,,,,,,
01900-00001,,Panch & Jay 7/4/99,cass,std,mp3,,,12/17/2014,"Pls start recording 5 seconds before cohost says ""Hey Jay..."" & record for two minutes. It is a demo for a radio station, Thanks. Tape is cued. --Jay",,,,,,,,,,,,,,,,,,,,,,,,,,,,,
01968-00001,Ken Colyer's Jazzmen,Serenading Auntie,cass,std,CD,,,12/17/2014,,,,,,,,,,,,,,,,,,,,,,,,,,,,,,
01968-00002,The New Black Eagle Band,In Search of New Orleans,cass,std,CD,,,12/17/2014,,,,,,,,,,,,,,,,,,,,,,,,,,,,,,
01968-00003,Prof. Plum's Jazz,Jazz at Sea,cass,std,CD,,,12/17/2014,,,,,,,,,,,,,,,,,,,,,,,,,,,,,,
01968-00004,The Original EastSide Stompers,Going to Town,cass,std,CD,,,12/17/2014,,,,,,,,,,,,,,,,,,,,,,,,,,,,,,
01968-00005,Golden Eagle Jazz Band,Sunday at the Depot,cass,std,CD,,,12/17/2014,,,,,,,,,,,,,,,,,,,,,,,,,,,,,,
01968-00006,Steve Lane's Famous Red Hot Peppers featuring Ram Heagren with guests Norman Field & Dave Soby,Live at the Bude Jazz Festival 1993 & 1995,cass,std,CD,,,12/17/2014,,,,,,,,,,,,,,,,,,,,,,,,,,,,,,
01936-00001,,Winter Wonderland: It's Beginning to Look a Lot Like Christmas,cass,del,CD,,4,12/17/2014,,,Winter Wonderland,Let It Snow,Silent Night,Silver Bells,Have Yourself a Merry Little Christmas,Chesnuts Roassting on an Open Fire (The Christmas Song),I'll Be Home for Christmas,Sleigh Ride,Jingle Bells,O Christmas Tree,Toyland/Sleep Well Little Children,White Christmas,The Most Wonderful Day of the Year,We Wish You a Merry Christmas,,,,,,,,,,,,,,
01897-00001,Learn at Home,Ultimate French: Advanced (3),cass,del,mp3,,,12/17/2014,,,Lesson 11 (cont.),Lesson 12 ,Lesson 13,Lesson 13 (cont.),Lesson 14,Lesson 15,,,,,,,,,,,,,,,,,,,,,,
01897-00002,Learn on the Go,Ultimate French: Advanced (2),cass,del,mp3,,,12/17/2014,,,Lesson 6,Lesson 7,Lesson 8A,Lesson 8B,Lesson 9,Lesson 10,,,,,,,,,,,,,,,,,,,,,,
01897-00003,Learn at Home,Ultimate French: Advanced (4),cass,del,mp3,,,12/17/2014,,,Lesson 16,Lesson 17,Lesson 18,Lesson 18 (cont.),Lesson 19,Lesson 20,,,,,,,,,,,,,,,,,,,,,,
01897-00004,Learn at Home,Ultimate French: Advanced (2),cass,del,mp3,,,12/17/2014,,,Lesson 6 (cont.),Lesson 7,Lesson 8A,Lesson 9,Lesson 10,Lesson 11,,,,,,,,,,,,,,,,,,,,,,
01897-00005,Learn on the Go,Ultimate French: Advanced (4),cass,del,mp3,,,12/17/2014,,,Lesson 16,Lesson 17,Lesson 18A,Lesson 18B,Lesson 18C,Lesson 19,Lesson 20,,,,,,,,,,,,,,,,,,,,,
01897-00006,Learn on the Go,Ultimate French: Advanced (3),cass,del,mp3,,,12/17/2014,,,Lesson 11 (cont.),Lesson 12 ,Lesson 13A,Lesson 13B,Lesson 14,Lesson 15,,,,,,,,,,,,,,,,,,,,,,
01897-00007,Learn on the Go,Ultimate French: Advanced (1),cass,del,mp3,,,12/17/2014,,,Lesson 1,Lesson 2,Lesson 3A,Lesson 3B,Lesson 3C,Lesson 4,Lesson 5,,,,,,,,,,,,,,,,,,,,,
01897-00008,Learn at Home,Ultimate French: Advanced (1),cass,del,mp3,,,12/17/2014,,,Lesson 1,Lesson 2,Lesson 3,Lesson 3 (cont.),Lesson 4,Lesson 5,Lesson 6,,,,,,,,,,,,,,,,,,,,,
01897-00009,Practice and Improve Your French - plus,Tape 4,cass,del,mp3,,,12/17/2014,,,,,,,,,,,,,,,,,,,,,,,,,,,,,,
01897-00010,Practice and Improve Your French - plus,Tape 3,cass,del,mp3,,,12/17/2014,,,,,,,,,,,,,,,,,,,,,,,,,,,,,,
01897-00011,Practice and Improve Your French - plus,Tape 2,cass,del,mp3,,,12/17/2014,,,,,,,,,,,,,,,,,,,,,,,,,,,,,,
01897-00012,Practice and Improve Your French - plus,Tape 1,cass,del,mp3,,,12/17/2014,,,,,,,,,,,,,,,,,,,,,,,,,,,,,,
01896-00001,Joy Dennis,Buckeye,78,std,mp3,,,12/17/2014,,,,,,,,,,,,,,,,,,,,,,,,,,,,,,
01896-00002,Joy Dennis with Your Sky Liners,Buckeye,78,std,mp3,,,12/17/2014,,Ambiguous Side,,,,,,,,,,,,,,,,,,,,,,,,,,,,
01952-00001,"To Patsy Ann, My Wife (October 5, 1951)",Voice-O-Graph: Hootily,45,,CD/mp3,,,12/17/2014,,,,,,,,,,,,,,,,,,,,,,,,,,,,,,
01952-00002,Rubinstein,"D Minor Concerto, 1st Movement (Parts 3 & 4)",LP,std,CD/mp3,,,12/17/2014,,,,,,,,,,,,,,,,,,,,,,,,,,,,,,
01952-00003,Saint-Saens,Concerto,LP,std,CD/mp3,,,12/17/2014,,,,,,,,,,,,,,,,,,,,,,,,,,,,,,
01952-00004,Rubinstein,"D Minor Concerto, 1st Movement (Parts 1 & 2)",LP,std,CD/mp3,,,12/17/2014,,,,,,,,,,,,,,,,,,,,,,,,,,,,,,
01883-00001,The Earl Nightingale Library Success Series,1. As A Man Thinketh 1: Introduction to James Allen -- Thought and Character / Thought and Circumstances 1,cass,std,mp3,,,12/18/2014,What would the charge be to put the cassettes on flash drives?,,,,,,,,,,,,,,,,,,,,,,,,,,,,,
01883-00002,The Earl Nightingale Library Success Series,2. The Strangest Secret: We Become What We Think About,cass,std,mp3,01883-00001,,12/18/2014,What would the charge be to put the cassettes on flash drives?,,,,,,,,,,,,,,,,,,,,,,,,,,,,,
01883-00003,The Earl Nightingale Library Success Series,3. The Boss: The Customer Determines Your Success,cass,std,mp3,01883-00001,,12/18/2014,What would the charge be to put the cassettes on flash drives?,,,,,,,,,,,,,,,,,,,,,,,,,,,,,
01883-00004,The Earl Nightingale Library Success Series,4. Think and Grow Rich: Earl Nightingale's Version of the Napoleon Hill Classic,cass,std,mp3,01883-00001,,12/18/2014,What would the charge be to put the cassettes on flash drives?,,,,,,,,,,,,,,,,,,,,,,,,,,,,,
01883-00005,The Earl Nightingale Library Success Series,5. Twenty Minutes That Can Change Your Life: How to Grow as a Person,cass,std,mp3,01883-00001,,12/18/2014,What would the charge be to put the cassettes on flash drives?,,,,,,,,,,,,,,,,,,,,,,,,,,,,,
01883-00006,The Earl Nightingale Library Success Series,"6. As A Man Thinketh 2: Thought and Circumstances 2, Thought, Purpose and Achievement 1",cass,std,mp3,01883-00001,,12/18/2014,What would the charge be to put the cassettes on flash drives?,,,,,,,,,,,,,,,,,,,,,,,,,,,,,
01883-00007,Edward L. Fritsch & Nate Rosenblatt -- The Art & Skill of Conversation,1. Introduction and Listening / Conversation Cues and Roadblocks,cass,std,mp3,,,12/18/2014,What would the charge be to put the cassettes on flash drives?,,,,,,,,,,,,,,,,,,,,,,,,,,,,,
01883-00008,Edward L. Fritsch & Nate Rosenblatt -- The Art & Skill of Conversation,2. Questions / Quick Starts,cass,std,mp3,01883-00007,,12/18/2014,What would the charge be to put the cassettes on flash drives?,,,,,,,,,,,,,,,,,,,,,,,,,,,,,
01883-00009,Edward L. Fritsch & Nate Rosenblatt -- The Art & Skill of Conversation,3. Negotiating and Meetings / Persuasion and Motivation,cass,std,mp3,01883-00007,,12/18/2014,What would the charge be to put the cassettes on flash drives?,,,,,,,,,,,,,,,,,,,,,,,,,,,,,
01883-00010,Edward L. Fritsch & Nate Rosenblatt -- The Art & Skill of Conversation,4. Six Steps to Meaningful Conversation,cass,std,mp3,01883-00007,,12/18/2014,What would the charge be to put the cassettes on flash drives?,,,,,,,,,,,,,,,,,,,,,,,,,,,,,
01883-00011,Stephen R. Covey -- Seven Basic Habits of Highly Effective People,1. Effectiveness: The Goose and the Golden Egg,cass,std,mp3,,,12/18/2014,What would the charge be to put the cassettes on flash drives?,,,,,,,,,,,,,,,,,,,,,,,,,,,,,
01883-00012,Stephen R. Covey -- Seven Basic Habits of Highly Effective People,2. Three-Person Teaching Paradign Shifting,cass,std,mp3,01883-00011,,12/18/2014,What would the charge be to put the cassettes on flash drives?,,,,,,,,,,,,,,,,,,,,,,,,,,,,,
01883-00013,Stephen R. Covey -- Seven Basic Habits of Highly Effective People,3. Habit One: Be Proactive,cass,std,mp3,01883-00011,,12/18/2014,What would the charge be to put the cassettes on flash drives?,,,,,,,,,,,,,,,,,,,,,,,,,,,,,
01883-00014,Stephen R. Covey -- Seven Basic Habits of Highly Effective People,4. Habit Two: Begin With the End in Mind,cass,std,mp3,01883-00011,,12/18/2014,What would the charge be to put the cassettes on flash drives?,,,,,,,,,,,,,,,,,,,,,,,,,,,,,
01883-00015,Stephen R. Covey -- Seven Basic Habits of Highly Effective People,5. Habit Three: Put First Things First,cass,std,mp3,01883-00011,,12/18/2014,What would the charge be to put the cassettes on flash drives?,,,,,,,,,,,,,,,,,,,,,,,,,,,,,
01883-00016,Stephen R. Covey -- Seven Basic Habits of Highly Effective People,6. Habit Four: Think Win-Win,cass,std,mp3,01883-00011,,12/18/2014,What would the charge be to put the cassettes on flash drives?,,,,,,,,,,,,,,,,,,,,,,,,,,,,,
01883-00017,Stephen R. Covey -- Seven Basic Habits of Highly Effective People,"7. Habit Five: Seek First to Understand, Then to Be Understood",cass,std,mp3,01883-00011,,12/18/2014,What would the charge be to put the cassettes on flash drives?,,,,,,,,,,,,,,,,,,,,,,,,,,,,,
01883-00018,Stephen R. Covey -- Seven Basic Habits of Highly Effective People,8. Habit Six: Synergize,cass,std,mp3,01883-00011,,12/18/2014,What would the charge be to put the cassettes on flash drives?,,,,,,,,,,,,,,,,,,,,,,,,,,,,,
01883-00019,Kerry L. Johnson -- The Science of Self-Discipline,1. Self Discipline Made Easy / The Path to Automatic Self-Discipline,cass,std,mp3,,,12/18/2014,What would the charge be to put the cassettes on flash drives?,,,,,,,,,,,,,,,,,,,,,,,,,,,,,
01883-00020,Kerry L. Johnson -- The Science of Self-Discipline,2. How to Build Self-Discipline / How to Build Self-Discipline (Cont'd),cass,std,mp3,01883-00019,,12/18/2014,What would the charge be to put the cassettes on flash drives?,,,,,,,,,,,,,,,,,,,,,,,,,,,,,
01883-00021,Kerry L. Johnson -- The Science of Self-Discipline,3. Designing Your Life with Self-Discipline /  Self-Discipline and your Power to Create Change,cass,std,mp3,01883-00019,,12/18/2014,What would the charge be to put the cassettes on flash drives?,,,,,,,,,,,,,,,,,,,,,,,,,,,,,
01883-00022,Kerry L. Johnson -- The Science of Self-Discipline,4. Turning Self-Discipline into Success / Unleashing Your Power to Achieve,cass,std,mp3,01883-00019,,12/18/2014,What would the charge be to put the cassettes on flash drives?,,,,,,,,,,,,,,,,,,,,,,,,,,,,,
01883-00023,Kerry L. Johnson -- The Science of Self-Discipline,5. How to Live a Self-Disciplined Life / Self-Discipline and Total Control,cass,std,mp3,01883-00019,,12/18/2014,What would the charge be to put the cassettes on flash drives?,,,,,,,,,,,,,,,,,,,,,,,,,,,,,
01883-00024,Kerry L. Johnson -- The Science of Self-Discipline,6. Self Discipline and Wealth Building / Self-Discipline and the New You,cass,std,mp3,01883-00019,,12/18/2014,What would the charge be to put the cassettes on flash drives?,,,,,,,,,,,,,,,,,,,,,,,,,,,,,
01883-00025,Bert Decker -- Speak to Win: An Executive Program to Maximixe Personal Impact,1. The Medium Carries the Message / What Counts in Speaking,cass,std,mp3,,,12/18/2014,What would the charge be to put the cassettes on flash drives?,,,,,,,,,,,,,,,,,,,,,,,,,,,,,
01883-00026,Bert Decker -- Speak to Win: An Executive Program to Maximixe Personal Impact,2. The Four Stages of Speaking / The Four Stages of Improving Your Speeches,cass,std,mp3,01883-00025,,12/18/2014,What would the charge be to put the cassettes on flash drives?,,,,,,,,,,,,,,,,,,,,,,,,,,,,,
01883-00027,Bert Decker -- Speak to Win: An Executive Program to Maximixe Personal Impact,3. Audience Involvement / Communication Skills - The Eyes,cass,std,mp3,01883-00025,,12/18/2014,What would the charge be to put the cassettes on flash drives?,,,,,,,,,,,,,,,,,,,,,,,,,,,,,
01883-00028,Bert Decker -- Speak to Win: An Executive Program to Maximixe Personal Impact,4. Communication Skills - Gestures and Posture / Communication Skills - Dress and Appearance,cass,std,mp3,01883-00025,,12/18/2014,What would the charge be to put the cassettes on flash drives?,,,,,,,,,,,,,,,,,,,,,,,,,,,,,
01883-00029,Bert Decker -- Speak to Win: An Executive Program to Maximixe Personal Impact,5. Communication Skills - The Voice / Vocal Exercises,cass,std,mp3,01883-00025,,12/18/2014,What would the charge be to put the cassettes on flash drives?,,,,,,,,,,,,,,,,,,,,,,,,,,,,,
01883-00030,Bert Decker -- Speak to Win: An Executive Program to Maximixe Personal Impact,"6. Humor, Language and Other Swirls / The Natural Self",cass,std,mp3,01883-00025,,12/18/2014,What would the charge be to put the cassettes on flash drives?,,,,,,,,,,,,,,,,,,,,,,,,,,,,,
01883-00031,Roger Dawson -- Confident Decision Making: How to Make the Right Choice Every Time,1. Decisions Are the Building Blocks of Life / Categorizing the Decision,cass,std,mp3,,,12/18/2014,What would the charge be to put the cassettes on flash drives?,,,,,,,,,,,,,,,,,,,,,,,,,,,,,
01883-00032,Roger Dawson -- Confident Decision Making: How to Make the Right Choice Every Time,2. Blueprinting the Decision / Intuitive Decision Making,cass,std,mp3,01883-00031,,12/18/2014,What would the charge be to put the cassettes on flash drives?,,,,,,,,,,,,,,,,,,,,,,,,,,,,,
01883-00033,Roger Dawson -- Confident Decision Making: How to Make the Right Choice Every Time,3. Developing Rapid Reasoning / Expanding Your Options,cass,std,mp3,01883-00031,,12/18/2014,What would the charge be to put the cassettes on flash drives?,,,,,,,,,,,,,,,,,,,,,,,,,,,,,
01883-00034,Roger Dawson -- Confident Decision Making: How to Make the Right Choice Every Time,4. Logical Decision Making / Handling Uncertainty,cass,std,mp3,01883-00031,,12/18/2014,What would the charge be to put the cassettes on flash drives?,,,,,,,,,,,,,,,,,,,,,,,,,,,,,
01883-00035,Roger Dawson -- Confident Decision Making: How to Make the Right Choice Every Time,5. Huddling / Barriers to Good Decisions,cass,std,mp3,01883-00031,,12/18/2014,What would the charge be to put the cassettes on flash drives?,,,,,,,,,,,,,,,,,,,,,,,,,,,,,
01883-00036,Roger Dawson -- Confident Decision Making: How to Make the Right Choice Every Time,6. Styles of Decision Making / Characteristics of Great Decision Makers,cass,std,mp3,01883-00031,,12/18/2014,What would the charge be to put the cassettes on flash drives?,,,,,,,,,,,,,,,,,,,,,,,,,,,,,
01883-00037,Brian Tracy -- Master Strategies for Higher Achievement: Practical and Proven Tactics for Achieving Your Goals Faster than Ever Before ,1. Inner Development and Outer Success / Purpose and Potential,cass,std,mp3,,,12/18/2014,What would the charge be to put the cassettes on flash drives?,,,,,,,,,,,,,,,,,,,,,,,,,,,,,
01883-00038,Brian Tracy -- Master Strategies for Higher Achievement: Practical and Proven Tactics for Achieving Your Goals Faster than Ever Before ,2. Time and Results / Wealth and Well-Being,cass,std,mp3,01883-00037,,12/18/2014,What would the charge be to put the cassettes on flash drives?,,,,,,,,,,,,,,,,,,,,,,,,,,,,,
01883-00039,Brian Tracy -- Master Strategies for Higher Achievement: Practical and Proven Tactics for Achieving Your Goals Faster than Ever Before ,3. Family and Relationships / Spirituality and Inner Growth,cass,std,mp3,01883-00037,,12/18/2014,What would the charge be to put the cassettes on flash drives?,,,,,,,,,,,,,,,,,,,,,,,,,,,,,
01883-00040,Brian Tracy -- Master Strategies for Higher Achievement: Practical and Proven Tactics for Achieving Your Goals Faster than Ever Before ,4. Enterprise and Opportunity / Business and Management,cass,std,mp3,01883-00037,,12/18/2014,What would the charge be to put the cassettes on flash drives?,,,,,,,,,,,,,,,,,,,,,,,,,,,,,
01883-00041,Brian Tracy -- Master Strategies for Higher Achievement: Practical and Proven Tactics for Achieving Your Goals Faster than Ever Before ,5. Work and Career / Learning and Knowledge,cass,std,mp3,01883-00037,,12/18/2014,What would the charge be to put the cassettes on flash drives?,,,,,,,,,,,,,,,,,,,,,,,,,,,,,
01883-00042,Brian Tracy -- Master Strategies for Higher Achievement: Practical and Proven Tactics for Achieving Your Goals Faster than Ever Before ,6. Technology and Productivity / Politics and Economics,cass,std,mp3,01883-00037,,12/18/2014,What would the charge be to put the cassettes on flash drives?,,,,,,,,,,,,,,,,,,,,,,,,,,,,,
01883-00043,"Fr. Anthony de Mello, S.J.","1. Wake Up To Life, De Mello New York Conference",cass,std,mp3,,,12/18/2014,What would the charge be to put the cassettes on flash drives?,,,,,,,,,,,,,,,,,,,,,,,,,,,,,
01883-00044,"Fr. Anthony de Mello, S.J.","2. Wake Up To Life, De Mello New York Conference",cass,std,mp3,01883-00043,,12/18/2014,What would the charge be to put the cassettes on flash drives?,,,,,,,,,,,,,,,,,,,,,,,,,,,,,
01883-00045,"Fr. Anthony de Mello, S.J.","3. Wake Up To Life, De Mello New York Conference",cass,std,mp3,01883-00043,,12/18/2014,What would the charge be to put the cassettes on flash drives?,,,,,,,,,,,,,,,,,,,,,,,,,,,,,
01883-00046,"Fr. Anthony de Mello, S.J.","4. Wake Up To Life, De Mello New York Conference",cass,std,mp3,01883-00043,,12/18/2014,What would the charge be to put the cassettes on flash drives?,,,,,,,,,,,,,,,,,,,,,,,,,,,,,
01883-00047,"Fr. Anthony de Mello, S.J.","5. Wake Up To Life, De Mello New York Conference",cass,std,mp3,01883-00043,,12/18/2014,What would the charge be to put the cassettes on flash drives?,,,,,,,,,,,,,,,,,,,,,,,,,,,,,
01883-00048,"Fr. Anthony de Mello, S.J.","6. Wake Up To Life, De Mello New York Conference",cass,std,mp3,01883-00043,,12/18/2014,What would the charge be to put the cassettes on flash drives?,,,,,,,,,,,,,,,,,,,,,,,,,,,,,
01883-00049,"Fr. Anthony de Mello, S.J.","7. Wake Up To Life, De Mello New York Conference",cass,std,mp3,01883-00043,,12/18/2014,What would the charge be to put the cassettes on flash drives?,,,,,,,,,,,,,,,,,,,,,,,,,,,,,
01883-00050,"Fr. Anthony de Mello, S.J.","8. Wake Up To Life, De Mello New York Conference",cass,std,mp3,01883-00043,,12/18/2014,What would the charge be to put the cassettes on flash drives?,,,,,,,,,,,,,,,,,,,,,,,,,,,,,
01883-00051,"Fr. Anthony de Mello, S.J.","9. Wake Up To Life, De Mello New York Conference",cass,std,mp3,01883-00043,,12/18/2014,What would the charge be to put the cassettes on flash drives?,,,,,,,,,,,,,,,,,,,,,,,,,,,,,
01883-00052,"Fr. Anthony de Mello, S.J.","10. Wake Up To Life, De Mello New York Conference",cass,std,mp3,01883-00043,,12/18/2014,What would the charge be to put the cassettes on flash drives?,,,,,,,,,,,,,,,,,,,,,,,,,,,,,
01883-00053,"Fr. Anthony de Mello, S.J.","11. Wake Up To Life, De Mello New York Conference",cass,std,mp3,01883-00043,,12/18/2014,What would the charge be to put the cassettes on flash drives?,,,,,,,,,,,,,,,,,,,,,,,,,,,,,
01883-00054,"Fr. Anthony de Mello, S.J.","12. Wake Up To Life, De Mello New York Conference",cass,std,mp3,01883-00043,,12/18/2014,What would the charge be to put the cassettes on flash drives?,,,,,,,,,,,,,,,,,,,,,,,,,,,,,
01883-00055,The Best of Larry Wilson,1. No Trust - Relating,cass,std,mp3,,,12/18/2014,What would the charge be to put the cassettes on flash drives?,,,,,,,,,,,,,,,,,,,,,,,,,,,,,
01883-00056,The Best of Larry Wilson,2. No Need - Discovering,cass,std,mp3,01883-00055,,12/18/2014,What would the charge be to put the cassettes on flash drives?,,,,,,,,,,,,,,,,,,,,,,,,,,,,,
01883-00057,The Best of Larry Wilson,3. No Help - Advocating,cass,std,mp3,01883-00055,,12/18/2014,What would the charge be to put the cassettes on flash drives?,,,,,,,,,,,,,,,,,,,,,,,,,,,,,
01883-00058,The Best of Larry Wilson,4. No Hurry - Supporting,cass,std,mp3,01883-00055,,12/18/2014,What would the charge be to put the cassettes on flash drives?,,,,,,,,,,,,,,,,,,,,,,,,,,,,,
01883-00059,848-10a. The Course in Winning,1. How Do You Do? / Paying Value to Others,cass,std,mp3,,,12/18/2014,What would the charge be to put the cassettes on flash drives?,,,,,,,,,,,,,,,,,,,,,,,,,,,,,
01883-00060,848-10b. The Course in Winning,2. Cooperative Relationships / The Total Winner,cass,std,mp3,01883-00059,,12/18/2014,What would the charge be to put the cassettes on flash drives?,,,,,,,,,,,,,,,,,,,,,,,,,,,,,
01883-00061,848-9a. The Course in Winning,1. The Winner's Circle / Identifying Prejudices,cass,std,mp3,,,12/18/2014,What would the charge be to put the cassettes on flash drives?,,,,,,,,,,,,,,,,,,,,,,,,,,,,,
01883-00062,848-9b. The Course in Winning,"2. How to Freshen Your Thinking / Empathy, Understanding and Adaptability",cass,std,mp3,01883-00061,,12/18/2014,What would the charge be to put the cassettes on flash drives?,,,,,,,,,,,,,,,,,,,,,,,,,,,,,
01883-00063,848-8a. The Course in Winning,1. Touching Other Lives / Mastering the Balancing Act,cass,std,mp3,,,12/18/2014,What would the charge be to put the cassettes on flash drives?,,,,,,,,,,,,,,,,,,,,,,,,,,,,,
01883-00064,848-8b. The Course in Winning,2. The Quality of Life / Close Encounters of the Fourth Kind,cass,std,mp3,01883-00063,,12/18/2014,What would the charge be to put the cassettes on flash drives?,,,,,,,,,,,,,,,,,,,,,,,,,,,,,
01883-00065,848-7a. The Course in Winning,1. The Amazing Self-Fulfilling Prophecy / From Problems to Opportunities,cass,std,mp3,,,12/18/2014,What would the charge be to put the cassettes on flash drives?,,,,,,,,,,,,,,,,,,,,,,,,,,,,,
01883-00066,848-7b. The Course in Winning,2. Living Enthusiastically / Strength of Character,cass,std,mp3,01883-00065,,12/18/2014,What would the charge be to put the cassettes on flash drives?,,,,,,,,,,,,,,,,,,,,,,,,,,,,,
01883-00067,848-5a. The Course in Winning,1. I Am Responsible for Me / Enjoying Self-Reliance,cass,std,mp3,,,12/18/2014,What would the charge be to put the cassettes on flash drives?,,,,,,,,,,,,,,,,,,,,,,,,,,,,,
01883-00068,848-5b. The Course in Winning,2. How to Conquer Procrastination / Causing Your Own Effects in Life,cass,std,mp3,01883-00067,,12/18/2014,What would the charge be to put the cassettes on flash drives?,,,,,,,,,,,,,,,,,,,,,,,,,,,,,
01883-00069,848-3a. The Course in Winning,1. Seeing With the Mind's Eye / Breaking Through the Comfort Zone,cass,std,mp3,,,12/18/2014,What would the charge be to put the cassettes on flash drives?,,,,,,,,,,,,,,,,,,,,,,,,,,,,,
01883-00070,848-3b. The Course in Winning,2. You Can Get What You Set / The Power of Belief Set,cass,std,mp3,01883-00069,,12/18/2014,What would the charge be to put the cassettes on flash drives?,,,,,,,,,,,,,,,,,,,,,,,,,,,,,
01883-00071,848-2a. The Course in Winning,1. To Feel Competent and Worthy / Understanding Your Need to Belong,cass,std,mp3,,,12/18/2014,What would the charge be to put the cassettes on flash drives?,,,,,,,,,,,,,,,,,,,,,,,,,,,,,
01883-00072,848-2b. The Course in Winning,2. The Internal Code / I Like Myself,cass,std,mp3,01883-00071,,12/18/2014,What would the charge be to put the cassettes on flash drives?,,,,,,,,,,,,,,,,,,,,,,,,,,,,,
01883-00073,848-1a. The Course in Winning,1. Life Purpose / Making the Present Tend to the Future,cass,std,mp3,,,12/18/2014,What would the charge be to put the cassettes on flash drives?,,,,,,,,,,,,,,,,,,,,,,,,,,,,,
01883-00074,848-1b. The Course in Winning ,2. Keeping Dreams Alive / Hard Facts About Goals,cass,std,mp3,01883-00073,,12/18/2014,What would the charge be to put the cassettes on flash drives?,,,,,,,,,,,,,,,,,,,,,,,,,,,,,
01883-00075,"Thomas G. Lipscomb II, CLU","Seminar 1, Tape 1",cass,std,mp3,,,12/18/2014,What would the charge be to put the cassettes on flash drives?,,,,,,,,,,,,,,,,,,,,,,,,,,,,,
01883-00076,"Thomas G. Lipscomb II, CLU","Seminar 1, Tape 2",cass,std,mp3,,,12/18/2014,What would the charge be to put the cassettes on flash drives?,,,,,,,,,,,,,,,,,,,,,,,,,,,,,
01883-00077,"Thomas G. Lipscomb II, CLU","Seminar 2, Tape 1",cass,std,mp3,,,12/18/2014,What would the charge be to put the cassettes on flash drives?,,,,,,,,,,,,,,,,,,,,,,,,,,,,,
01883-00078,"Thomas G. Lipscomb II, CLU","Seminar 2, Tape 2",cass,std,mp3,,,12/18/2014,What would the charge be to put the cassettes on flash drives?,,,,,,,,,,,,,,,,,,,,,,,,,,,,,
01883-00079,"Thomas G. Lipscomb II, CLU","Seminar 3, Tape 1",cass,std,mp3,,,12/18/2014,What would the charge be to put the cassettes on flash drives?,,,,,,,,,,,,,,,,,,,,,,,,,,,,,
01883-00080,"Thomas G. Lipscomb II, CLU","Seminar 3, Tape 2",cass,std,mp3,,,12/18/2014,What would the charge be to put the cassettes on flash drives?,,,,,,,,,,,,,,,,,,,,,,,,,,,,,
01883-00081,"Thomas G. Lipscomb II, CLU","Seminar 2, Tape 3",cass,std,mp3,,,12/18/2014,What would the charge be to put the cassettes on flash drives?,,,,,,,,,,,,,,,,,,,,,,,,,,,,,
01883-00082,"Brian Tracy, Marjorie & Morton Shaevitz, Bert Decker, Earl Nightingale",Positive Patterns For Communication,cass,std,mp3,,,12/18/2014,What would the charge be to put the cassettes on flash drives?,,,,,,,,,,,,,,,,,,,,,,,,,,,,,
01883-00083,"Thomas G. Lipscomb II, CLU","Seminar 4, Tape 1",cass,std,mp3,,,12/18/2014,What would the charge be to put the cassettes on flash drives?,,,,,,,,,,,,,,,,,,,,,,,,,,,,,
01883-00084,"Thomas G. Lipscomb II, CLU","Seminar 4, Tape 2",cass,std,mp3,,,12/18/2014,What would the charge be to put the cassettes on flash drives?,,,,,,,,,,,,,,,,,,,,,,,,,,,,,
01883-00085,"Donald R. Gallagher, Earl Nightingale, Eileen McDargh",Nightingale-Conant's Insight,cass,std,mp3,,,12/18/2014,What would the charge be to put the cassettes on flash drives?,,,,,,,,,,,,,,,,,,,,,,,,,,,,,
01883-00086,"Thomas G. Lipscomb II, CLU","Creating Thirsty Prospects, Tape 2",cass,std,mp3,,,12/18/2014,What would the charge be to put the cassettes on flash drives?,,,,,,,,,,,,,,,,,,,,,,,,,,,,,
01883-00087,"Thomas G. Lipscomb II, CLU","Creating Thirsty Prospects, Tape 1",cass,std,mp3,,,12/18/2014,What would the charge be to put the cassettes on flash drives?,,,,,,,,,,,,,,,,,,,,,,,,,,,,,
01883-00088,"Thomas G. Lipscomb II, CLU","Seminar #1, Tape 1 - October 5, 2000",cass,std,mp3,,,12/18/2014,What would the charge be to put the cassettes on flash drives?,,,,,,,,,,,,,,,,,,,,,,,,,,,,,
01883-00089,"Thomas G. Lipscomb II, CLU","Seminar #1, Tape 2 - October 5, 2000",cass,std,mp3,,,12/18/2014,What would the charge be to put the cassettes on flash drives?,,,,,,,,,,,,,,,,,,,,,,,,,,,,,
01883-00090,"Robert Nuno, John Wilson",Mission DI: Meeting the DI Needs of Today's Prospects,cass,std,mp3,,,12/18/2014,What would the charge be to put the cassettes on flash drives?,,,,,,,,,,,,,,,,,,,,,,,,,,,,,
01883-00091,"Thomas G. Lipscomb II, CLU",Developing a Clear Vision for the Opportunity,cass,std,mp3,,,12/18/2014,What would the charge be to put the cassettes on flash drives?,,,,,,,,,,,,,,,,,,,,,,,,,,,,,
01883-00092,"Brian Tracy, Russell Riendeau, Perry Smith, Earl Nightingale",Strategies for Professional Growth,cass,std,mp3,,,12/18/2014,What would the charge be to put the cassettes on flash drives?,,,,,,,,,,,,,,,,,,,,,,,,,,,,,
01883-00093,"Arthur Freeman, Earl Nightingale, Stan Cottrell",Nightingale-Conant's Insight,cass,std,mp3,,,12/18/2014,What would the charge be to put the cassettes on flash drives?,,,,,,,,,,,,,,,,,,,,,,,,,,,,,
01883-00094,James A. Zara,"From $20.83 to $1,000,000",cass,std,mp3,,,12/18/2014,What would the charge be to put the cassettes on flash drives?,,,,,,,,,,,,,,,,,,,,,,,,,,,,,
01883-00095,"John Adams, James Huston",Disability Insurance: Setting Yourself Apart From Your Competition,cass,std,mp3,,,12/18/2014,What would the charge be to put the cassettes on flash drives?,,,,,,,,,,,,,,,,,,,,,,,,,,,,,
01883-00096,"Brian Tracy, Ken Blanchard, Jim Rohn, Earl Nightingale",Meeting the Challenge of Excellence,cass,std,mp3,,,12/18/2014,What would the charge be to put the cassettes on flash drives?,,,,,,,,,,,,,,,,,,,,,,,,,,,,,
01883-00097,"Brian Tracy, Jeff Zakaryan, Philip Crosby, Earl Nightingale",New Horizons of Opportunity,cass,std,mp3,,,12/18/2014,What would the charge be to put the cassettes on flash drives?,,,,,,,,,,,,,,,,,,,,,,,,,,,,,
01883-00098,Scott Schwartz & Tom Weilert,How We Sell Disability Income Insurance,cass,std,mp3,,,12/18/2014,What would the charge be to put the cassettes on flash drives?,,,,,,,,,,,,,,,,,,,,,,,,,,,,,
01883-00099,"Richard Balamucki, CLU, ChFC",No Brains / No Emotion Investment System,cass,std,mp3,,,12/18/2014,What would the charge be to put the cassettes on flash drives?,,,,,,,,,,,,,,,,,,,,,,,,,,,,,
01883-00100,"Todd Schoon, Matt Russo, Richard Worrell, Chris Faicco, Elaine Cacarillo",Road to Forum,cass,std,mp3,,,12/18/2014,What would the charge be to put the cassettes on flash drives?,,,,,,,,,,,,,,,,,,,,,,,,,,,,,
01883-00101,"Gerard Hempstead, Heather Eaton",A Day in the Life of a Forum Member,cass,std,mp3,,,12/18/2014,What would the charge be to put the cassettes on flash drives?,,,,,,,,,,,,,,,,,,,,,,,,,,,,,
01883-00102,"Robert Skelly, Jay Nachowitz",Bob and Jay's Excellent DI Adventure,cass,std,mp3,,,12/18/2014,What would the charge be to put the cassettes on flash drives?,,,,,,,,,,,,,,,,,,,,,,,,,,,,,
01883-00103,"Brian Tracy, Napoleon Hill, Alan Loy McGinnis, Earl Nightingale",Building Self-Confidence,cass,std,mp3,,,12/18/2014,What would the charge be to put the cassettes on flash drives?,,,,,,,,,,,,,,,,,,,,,,,,,,,,,
01883-00104,"Tim J. Harrison, Jeremy Dicker","Sales Cycle: Varsity Blues, Part 1",cass,std,mp3,,,12/18/2014,What would the charge be to put the cassettes on flash drives?,,,,,,,,,,,,,,,,,,,,,,,,,,,,,
01883-00105,"Patrick DiCerbo, Trent Beckwith","Create a Market Opportunity That Will Last a Lifetime, Part 1",cass,std,mp3,,,12/18/2014,What would the charge be to put the cassettes on flash drives?,,,,,,,,,,,,,,,,,,,,,,,,,,,,,
01883-00106,Keith Wagner,Selling Variable Life Insurance,cass,std,mp3,,,12/18/2014,What would the charge be to put the cassettes on flash drives?,,,,,,,,,,,,,,,,,,,,,,,,,,,,,
01883-00107,"Thomas Lipscomb, III & Daniel Wisted",Session 2: DI: How to Sell More Than Ever Before,cass,std,mp3,,,12/18/2014,What would the charge be to put the cassettes on flash drives?,,,,,,,,,,,,,,,,,,,,,,,,,,,,,
01883-00108,"R. Allen Angell, Scott Lane, Eddie Caldwell, Kraig Stockdale","The Forum and Beyond, Part 1",cass,std,mp3,,,12/18/2014,What would the charge be to put the cassettes on flash drives?,,,,,,,,,,,,,,,,,,,,,,,,,,,,,
01883-00109,"Peter Alofsin, Thomas Swartout, Geoffrey Passehl",Fact Finding and Closing / The Sales Cycle - All One Step / The Sales Process: Closing Presentation,cass,std,mp3,,,12/18/2014,What would the charge be to put the cassettes on flash drives?,,,,,,,,,,,,,,,,,,,,,,,,,,,,,
01883-00110,"Bradley Baune, Chris Courtney, Ronald Krizek",Gaining Commitment During the First Appointment,cass,std,mp3,,,12/18/2014,What would the charge be to put the cassettes on flash drives?,,,,,,,,,,,,,,,,,,,,,,,,,,,,,
01883-00111,Scott Schwartz & Andy Schwartz,Increasing Productivity - It's the Process Stupid! pt. 1,cass,std,mp3,,,12/18/2014,What would the charge be to put the cassettes on flash drives?,,,,,,,,,,,,,,,,,,,,,,,,,,,,,
01883-00112,"J.R. Fruge, J.K. Sadler, Jr., CLU","Newer Agent: ""I Never Promised You A Rose Garden""",cass,std,mp3,,,12/18/2014,What would the charge be to put the cassettes on flash drives?,,,,,,,,,,,,,,,,,,,,,,,,,,,,,
01883-00113,Scott Schwartz & Andy Schwartz,Increasing Productivity - It's the Process Stupid! pt. 2,cass,std,mp3,,,12/18/2014,What would the charge be to put the cassettes on flash drives?,,,,,,,,,,,,,,,,,,,,,,,,,,,,,
01883-00114,"Curt Carlson, Jeremy Dicker",Road to Forum / I'm All Growed Up and Thinking Beyond Forum,cass,std,mp3,,,12/18/2014,What would the charge be to put the cassettes on flash drives?,,,,,,,,,,,,,,,,,,,,,,,,,,,,,
01883-00115,Robert Skelly,The Sale Is Made in the Factfinder,cass,std,mp3,,,12/18/2014,What would the charge be to put the cassettes on flash drives?,,,,,,,,,,,,,,,,,,,,,,,,,,,,,
01883-00116,Robert A. Nuno,Keeping It Simple and Effective,cass,std,mp3,,,12/18/2014,What would the charge be to put the cassettes on flash drives?,,,,,,,,,,,,,,,,,,,,,,,,,,,,,
01883-00117,"Jeff Reeter, Thomas Lipscomb, III, F. Weldon Baird, Douglas Dawson",Opening Session...Stages of a Financial Representative,cass,std,mp3,,,12/18/2014,What would the charge be to put the cassettes on flash drives?,,,,,,,,,,,,,,,,,,,,,,,,,,,,,
01883-00118,Jim Fruge,Duck Story,cass,std,mp3,,,12/18/2014,What would the charge be to put the cassettes on flash drives?,,,,,,,,,,,,,,,,,,,,,,,,,,,,,
01883-00119,Keith Wagner,General Session,cass,std,mp3,,,12/18/2014,What would the charge be to put the cassettes on flash drives?,,,,,,,,,,,,,,,,,,,,,,,,,,,,,
01883-00120,"Hugh Thompson Jr., CLU",Sales Cycle - The Modified Ledger,cass,std,mp3,,,12/18/2014,What would the charge be to put the cassettes on flash drives?,,,,,,,,,,,,,,,,,,,,,,,,,,,,,
01883-00121,"Leo Buscaglia, Earl Nightingale, Mike Wickett",Nightingale-Conant's Insight,cass,std,mp3,,,12/18/2014,What would the charge be to put the cassettes on flash drives?,,,,,,,,,,,,,,,,,,,,,,,,,,,,,
01883-00122,"Brian Tracy, Tony Alessandra, Garrison Krause, Earl Nightingale",Developing Your Awareness,cass,std,mp3,,,12/18/2014,What would the charge be to put the cassettes on flash drives?,,,,,,,,,,,,,,,,,,,,,,,,,,,,,
01883-00123,"Thomas G. Lipscomb II, CLU","Seminar 1, Tape 1 - Richmond Location - December 18, 2000",cass,std,mp3,,,12/18/2014,What would the charge be to put the cassettes on flash drives?,,,,,,,,,,,,,,,,,,,,,,,,,,,,,
01883-00124,"Thomas G. Lipscomb II, CLU","Seminar 1, Tape 2 - Richmond Location - December 18, 2000",cass,std,mp3,,,12/18/2014,What would the charge be to put the cassettes on flash drives?,,,,,,,,,,,,,,,,,,,,,,,,,,,,,
01883-00125,Curtis Estes,General Session: Impact of What We Do,cass,std,mp3,,,12/18/2014,What would the charge be to put the cassettes on flash drives?,,,,,,,,,,,,,,,,,,,,,,,,,,,,,
01883-00126,"W Mitchell, Earl Nightingale, Tony Alessandra",92 Nightingale-Conant's Insight,cass,std,mp3,,,12/18/2014,What would the charge be to put the cassettes on flash drives?,,,,,,,,,,,,,,,,,,,,,,,,,,,,,
01883-00127,"Thomas G. Lipscomb II, CLU",Selling Permanent Insurance: The Quantum Leap,cass,std,mp3,,,12/18/2014,What would the charge be to put the cassettes on flash drives?,,,,,,,,,,,,,,,,,,,,,,,,,,,,,
01883-00128,"Thomas G. Lipscomb II, CLU","Seminar 3, Tape 3 - Richmond Location",cass,std,mp3,,,12/18/2014,What would the charge be to put the cassettes on flash drives?,,,,,,,,,,,,,,,,,,,,,,,,,,,,,
01883-00129,"Thomas G. Lipscomb II, CLU","Seminar 3, Tape 2 - Richmond Location",cass,std,mp3,,,12/18/2014,What would the charge be to put the cassettes on flash drives?,,,,,,,,,,,,,,,,,,,,,,,,,,,,,
01883-00130,"Thomas G. Lipscomb II, CLU","Seminar 3, Tape 1 - Richmond Location",cass,std,mp3,,,12/18/2014,What would the charge be to put the cassettes on flash drives?,,,,,,,,,,,,,,,,,,,,,,,,,,,,,
01883-00131,Scott T. Penning,How to Get from Here to There,cass,std,mp3,,,12/18/2014,What would the charge be to put the cassettes on flash drives?,,,,,,,,,,,,,,,,,,,,,,,,,,,,,
01883-00132,Samuel Schlanger,FastStart,cass,std,mp3,,,12/18/2014,What would the charge be to put the cassettes on flash drives?,,,,,,,,,,,,,,,,,,,,,,,,,,,,,
01883-00133,James R. Fruge,"""You Do What You Want...""",cass,std,mp3,,,12/18/2014,What would the charge be to put the cassettes on flash drives?,,,,,,,,,,,,,,,,,,,,,,,,,,,,,
01883-00134,Louis Cassara,Closing Session,cass,std,mp3,,,12/18/2014,What would the charge be to put the cassettes on flash drives?,,,,,,,,,,,,,,,,,,,,,,,,,,,,,
01883-00135,Andy M. Schwartz,Your Job Is My Dream,cass,std,mp3,,,12/18/2014,What would the charge be to put the cassettes on flash drives?,,,,,,,,,,,,,,,,,,,,,,,,,,,,,
01883-00136,"Louis Cassara, CLU, ChFC",From Believing to Knowing...,cass,std,mp3,,,12/18/2014,What would the charge be to put the cassettes on flash drives?,,,,,,,,,,,,,,,,,,,,,,,,,,,,,
01883-00137,"Jim Frug'e, CLU, ChFC, MS",Who Are You?,cass,std,mp3,,,12/18/2014,What would the charge be to put the cassettes on flash drives?,,,,,,,,,,,,,,,,,,,,,,,,,,,,,
01950-00001,Joseph Fortino,"Class of Christian Burial - March 14, 2014",cass,std,CD,,,12/19/2014,,,,,,,,,,,,,,,,,,,,,,,,,,,,,,
01969-00001,,12/29/78 to Mike & Tina,cass,del,mp3,,,12/19/2014,Preferred email tinafdennis@aol.com Paypal email kenregency@aol.com,,unlisted,,,,,,,,,,,,,,,,,,,,,,,,,,,
01866-00001,Joan Baez,The Joan Baez Ballad Book,LP,std,CD,,,12/19/2014,Linked to order #1971 (LP one of a double),,,,,,,,,,,,,,,,,,,,,,,,,,,,,
01971-00001,Joan Baez,The Joan Baez Ballad Book,LP,std,CD,01866-00001,,12/19/2014,Linked to order #1866 (LP two of a double),,,,,,,,,,,,,,,,,,,,,,,,,,,,,
01964-00001,"Otis Redding, Various",The Jimi Hendrix Experience,LP,del,CD,,,12/19/2014,,,Like A Rolling Stone (Bob Dylan),"Rock Me, Baby (B.B. King-Joe Josea)",Can You See Me (Jimi Hendrix),Wild Thing (C. Taylor),Shake (Sam Cook),Respect (Otis Redding),I've Been Loving You Too Long (Otis Redding-Jerry Butler),(I Can't Get No) Satisfaction (Mick Jagger-Keith Richard),Try A Little Tenderness (Harry Woods-Jimmy Campbell-Reg Connelly),,,,,,,,,,,,,,,,,,,
01956-00001,Brooke Thuna,,cass,std,CD,,,12/19/2014,,,,,,,,,,,,,,,,,,,,,,,,,,,,,,
01820-00001,"Los Pachulos, Coro Parroquial, Angel Carril",Tradicion Musical en MACOTERA,cass,del,CD,,,12/22/2014,,,Charrada de San Roque,La ronda,La guitarra pide vino,La Gregoriana,Jesus es rey,En la calle de Santa Ana,Charrada macoterana,Danza de El Santo,Nos comen tos los jamones,Jota de carnaval,Venid que hoy es Nochebuena ,"Sarandan, sarandan, sarandillo",La serrana de la sierra,Ven Nino a mi corazon,Entre las pajas,El Senor me ha dicho,Kirie,Gloria,Aleluya,Credo,Sanctus,,,,,,,
01932-00001,The Cure,Between the Forest and the Sea -- The Robert Smith Interviews Volume 1,LP,del,mp3,,,12/22/2014,,This is spoken word...should this really be deluxe?,Interview Part One,Interview Part Two,,,,,,,,,,,,,,,,,,,,,,,,,,
01962-00001,Paul Vanase,In the World of Baby Bones,LP,del,CD/mp3,,2,12/22/2014,,Customer ordered wrong (overpaid),Baby Bones (Vanase),Sticking Needles Through Paper Doll Eyes (Vanase/Harper),Its For Your Name,Broken Chances II (Vanase),Sissy (Vanase),Cosmic Orgy (Vanase),Hopeless Case (Vanase),Sad and Lonely (Vanase),I Can't Care Ever (Vanase/Harper),Dilemma (Stevens),,,,,,,,,,,,,,,,,,
01962-00002,Paul Vanase is Baby Bones,Electroshock Communications,0,,CD/mp3,,2,12/22/2014,,Customer ordered wrong (overpaid),Electroshock,Z.O.M.B.I.E.,,,,,,,,,,,,,,,,,,,,,,,,,,
01975-00001,Abe and Tommy,Penthouse Serenade / Time On My Hands,45,,mp3,,,12/22/2014,,,Penthouse Serenade,Time On My Hands,,,,,,,,,,,,,,,,,,,,,,,,,,
01975-00002,Abe and Tommy,Buddy - Tommie / Lullaby Abe,45,,mp3,,,12/22/2014,,,Buddy - Tommie,Lullaby Abe,,,,,,,,,,,,,,,,,,,,,,,,,,
01975-00003,Abe and Tommy,"Baby's Boat ""Mother"" / Umple - Dumple ""Daddy""",45,,mp3,,,12/22/2014,,,"Baby's Boat ""Mother""","Umple - Dumple ""Daddy""",,,,,,,,,,,,,,,,,,,,,,,,,,
01975-00004,Abe and Tommy,,45,,mp3,,,12/22/2014,,,,,,,,,,,,,,,,,,,,,,,,,,,,,,
01975-00005,Abe and Tommy,Why Was I Born,45,,mp3,,,12/22/2014,,,,,,,,,,,,,,,,,,,,,,,,,,,,,,
01850-00001,The Johnny Mann Singers,Daydream,LP,del,CD,,,12/22/2014,,,What Now My Love (Et Maintenant),I'm So Lonesome I Could Cry,Daydream,It Was A Very Good Year,Call Me,Love Is All We Need,Crying Time,Somewhere,Husbands and Wives,Spanish Eyes,Think I'll Go Somewhere And Cry Myself To Sleep,Bye Bye Blues,,,,,,,,,,,,,,,,
01916-00001,The New Creation Singers,Sweeter Than Honey,LP,std,CD,,5,12/22/2014,,,,,,,,,,,,,,,,,,,,,,,,,,,,,,
01916-00002,The New Creation Singers,Perfect Praise,LP,std,CD,,3,12/22/2014,,,,,,,,,,,,,,,,,,,,,,,,,,,,,,
01953-00001,Campus Chorale and Betty Jo MacShea,Thank You Lord,LP,std,CD,,,12/22/2014,,"Wanted it for Xmas, sent out on the 13th",,,,,,,,,,,,,,,,,,,,,,,,,,,,
01963-00001,"Geza Anda, Ferenc Fricsay",Bela Bartok Piano Concertos Nos.2&3,LP,std,CD,,,12/22/2014,,,,,,,,,,,,,,,,,,,,,,,,,,,,,,
01963-00002,"George Gershwin, Michael Tilson Thomas, Columbia Jazz Band",Rhapsody in Blue,LP,std,CD,,,12/22/2014,,,,,,,,,,,,,,,,,,,,,,,,,,,,,,
01963-00003,Peter Pears & Benjamin Britten,Schubert Songs,LP,std,CD,,,12/22/2014,,,,,,,,,,,,,,,,,,,,,,,,,,,,,,
01963-00004,Paul Tortelier with Aldo Ciccolini,Rachmaninov & Chopin Cello Sonatas,LP,std,CD,,,12/22/2014,,,,,,,,,,,,,,,,,,,,,,,,,,,,,,
01963-00005,Dennis Brain & Ensemble with George Malcolm,"The Art of Dennis Brain, Vol.3",LP,std,CD,,,12/22/2014,,,,,,,,,,,,,,,,,,,,,,,,,,,,,,
01963-00006,"Benjamin Britten, Sviatoslav Richter, Mark Lubotsky, English Chamber Orchestra","Benjamin Britten Piano Concerto, Violin Concerto",LP,std,CD,,,12/22/2014,,,,,,,,,,,,,,,,,,,,,,,,,,,,,,
01963-00007,Moura Lympany with Anthony Collins Conducting the New Symphony Orchestra,"Rachmaninov, Piano Concerto No.3 in D Minor Opus 30",LP,std,CD,,,12/22/2014,,,,,,,,,,,,,,,,,,,,,,,,,,,,,,
01963-00008,Bartok Bela,Complete Edition - Orchestral Music,LP,std,CD,,,12/22/2014,,,,,,,,,,,,,,,,,,,,,,,,,,,,,,
01963-00009,Bartok Bela,Complete Edition - Posthumous Works,LP,std,CD,,,12/22/2014,,,,,,,,,,,,,,,,,,,,,,,,,,,,,,
01963-00010,Richard Strauss,Don Juan / Tod und Verklarung,LP,std,CD,,,12/22/2014,,,,,,,,,,,,,,,,,,,,,,,,,,,,,,
01954-00001,Morin,One Way Love - July '98,Cass,del,FLAC,,,12/23/2014,"Sending 6 cassettes that are final mixes I need to re-master. Request no noise reduction (I can do that), and that you use 24-bit 96 kHz and save as FLAC files. I will import your digital files for mastering. There is one song per cassette. I have no way to play these so unsure how they sound. One song (1 Way Love) is on two cassettes--please use the better version of the two. Also do not require a CD or any cover art. Please call Vic at 775-813-1126 with any questions.",,One Way Love,,,,,,,,,,,,,,,,,,,,,,,,,,,
01954-00002,Vic Morin,We Will Meet Again (for Dick Foslin) - June 1994,Cass,del,FLAC,,,12/23/2014,,,We Will Meet Again (for Dick Foslin),,,,,,,,,,,,,,,,,,,,,,,,,,,
01954-00003,Vic Morin,42 Blue - Aug 1993,Cass,del,FLAC,,,12/23/2014,,,42 Blue,,,,,,,,,,,,,,,,,,,,,,,,,,,
01954-00004,Vic Morin,Miss You When it Rains - Oct 1993,Cass,del,FLAC,,,12/23/2014,,,Miss You When it Rains,,,,,,,,,,,,,,,,,,,,,,,,,,,
01954-00005,Vic Morin,Love Is Hard - July 1994,Cass,del,FLAC,,,12/23/2014,,,Love Is Hard,,,,,,,,,,,,,,,,,,,,,,,,,,,
01954-00006,Vic Morin,One Way Love - 10/92,Cass,del,FLAC,,,12/23/2014,,,One Way Love,,,,,,,,,,,,,,,,,,,,,,,,,,,
01973-00001,,JF,Cass,std,CD,,,12/23/2014,,,,,,,,,,,,,,,,,,,,,,,,,,,,,,
01959-00001,,ABC's,Cass,std,CD,,,12/23/2014,Needs to be rewound,,,,,,,,,,,,,,,,,,,,,,,,,,,,,
01934-00001,Blank,Low Impact Exercise - 3/29/2014,Cass,std,CD,,3,12/23/2014,Can you copy it twice to each CD or is it too long for 2 tracks?,,,,,,,,,,,,,,,,,,,,,,,,,,,,,
01980-00001,Elton John ,Selections,Cass,std,CD,,,12/29/2014,Priority: Please 1-3 days processing.  I am leaving the country and hope to recieve back by Jan. 6 (two weeks),,,,,,,,,,,,,,,,,,,,,,,,,,,,,
01980-00002,,Selections I + II: 1979,Cass,std,CD,,,12/29/2014,Priority: Please 1-3 days processing.  I am leaving the country and hope to recieve back by Jan. 6 (two weeks),,,,,,,,,,,,,,,,,,,,,,,,,,,,,
01978-00001,,Hamlet Tape 1,Cass,std,mp3,,,12/29/2014,,,,,,,,,,,,,,,,,,,,,,,,,,,,,,
01978-00002,,Hamlet Tape 2,Cass,std,mp3,,,12/29/2014,A Side 1/2 only,,,,,,,,,,,,,,,,,,,,,,,,,,,,,
01978-00003,Brichester Choir,Palm Sunday/Good Friday,Cass,std,mp3,,,12/29/2014,,,,,,,,,,,,,,,,,,,,,,,,,,,,,,
01978-00004,Brichester Choir,Untitled,Cass,std,mp3,,,12/29/2014,,,,,,,,,,,,,,,,,,,,,,,,,,,,,,
01978-00005,,Easter/Good Friday 2000,Cass,std,mp3,,,12/29/2014,,,,,,,,,,,,,,,,,,,,,,,,,,,,,,
01978-00006,,Untitled,Cass,std,mp3,,,12/29/2014,,,,,,,,,,,,,,,,,,,,,,,,,,,,,,
01978-00007,,Palm Sunday Concert 2000,Cass,std,mp3,,,12/29/2014,,,,,,,,,,,,,,,,,,,,,,,,,,,,,,
01978-00008,"Sawgrass, Nightsky and special guest, Okefenokee Joe",Around the Campfire,Cass,std,mp3,,,12/29/2014,,,,,,,,,,,,,,,,,,,,,,,,,,,,,,
01981-00001,,Put to Bed with a Shovel,Cass,del,mp3,,,12/29/2014,,,,,,,,,,,,,,,,,,,,,,,,,,,,,,
01979-00001,The Smith Mills Choir and Renate Hamer (REH),Let Me Entertain You,Cass,std,CD,,,12/29/2014,,,,,,,,,,,,,,,,,,,,,,,,,,,,,,
01991-00001,Alexander H Cohen presents John Gielgud's Production,Hamlet by William Shakespeare (Sides 1 and 8),LP,del,CD,,,12/29/2014,,,"Act I, Scene 1","Act I, Scene 2","Act V, Scene 1","Act V, Scene 2",,,,,,,,,,,,,,,,,,,,,,,,
01991-00002,Alexander H Cohen presents John Gielgud's Production,Hamlet by William Shakespeare (Sides 2 and 7),LP,del,CD,01991-00001,,12/29/2014,,,"Act I, Scene 3","Act I, Scene 4","Act I, Scene 5","Act IV, Scene 4","Act IV, Scenes 5 and 7",,,,,,,,,,,,,,,,,,,,,,,
01991-00003,Alexander H Cohen presents John Gielgud's Production,Hamlet by William Shakespeare (Sides 3 and 6),LP,del,CD,01991-00001,,12/29/2014,,,"Act II, Scene 1","Act II, Scene 2, Beginning","Act III, Scene 3, Conclusion","Act III, Scene 4","Act IV, Scene 1","Act IV, Scene 2","Act IV, Scene 3",,,,,,,,,,,,,,,,,,,,,
01991-00004,Alexander H Cohen presents John Gielgud's Production,Hamlet by William Shakespeare (Sides 4 and 5),LP,del,CD,01991-00001,,12/29/2014,,,"Act II, Scene 2, Conclusion","Act III, Scene 1","Act III, Scene 2","Act III, Scene 3, Beginning",,,,,,,,,,,,,,,,,,,,,,,,
01968-00001,George Noblauch's Black Diamond Jazz Band,I'm Going Away,Cass,std,CD,,,12/30/2014,,,,,,,,,,,,,,,,,,,,,,,,,,,,,,
01968-00002,Mike Durham's West Jesmond Rhythm Kings,Shake 'em Loose,Cass,std,CD,,,12/30/2014,,,,,,,,,,,,,,,,,,,,,,,,,,,,,,
01968-00003,Uptown Lowdown Jazz Band,Saloon,Cass,std,CD,,,12/30/2014,,,,,,,,,,,,,,,,,,,,,,,,,,,,,,
01968-00004,All That's Jazz: Live Jazz from the Solent Area,Vol 6: Ciff Billett's New Europa Jazz Band,Cass,std,CD,,,12/30/2014,,,,,,,,,,,,,,,,,,,,,,,,,,,,,,
01982-00001,Bob Morris,Oral History,Cass,std,mp3,,,12/30/2014,,,,,,,,,,,,,,,,,,,,,,,,,,,,,,
01982-00002,Larry Dodge Gives Complete History,Rights and Duties of Jury System,Cass,std,mp3,,,12/30/2014,,Tags are falling off - stored in case,,,,,,,,,,,,,,,,,,,,,,,,,,,,
01982-00003,,Morris Funeral Pt 2,Cass,std,mp3,,,12/30/2014,,A Side only,,,,,,,,,,,,,,,,,,,,,,,,,,,,
01982-00004,,Stirling McKnight Funeral and David McKnight Funeral,Cass,std,mp3,,,12/30/2014,,,,,,,,,,,,,,,,,,,,,,,,,,,,,,
01982-00005,,R D Morris Funeral,Cass,std,mp3,,,12/30/2014,,,,,,,,,,,,,,,,,,,,,,,,,,,,,,
01997-00001,Roger Williams,Evergreen,LP,del,mp3,,,12/30/2014,,,"Theme from New York, New York",What Are You Doing the Rest of Your Life,Cast Your Fate to the Wind,Me,When I Need You,Evergreen,Grieg's You Know What by Roger You Know Who,Love Song,Main Theme from King Kong,Theme from Airport '77,,,,,,,,,,,,,,,,,,
01985-00001,Lush Instrumentals: Enoch Light and His Orchestra,Beautiful Waltz Melodies,LP,del,CD,,,12/30/2014,,,Always,The Waltz You Saved for Me,Alice Blue Gown,Missouri Waltz,Beautiful Ohio,I Love You Truly,Three O'Clock in the Morning,Let Me Call You Sweetheart,All Alone,Remember,Wonderful One,Sleep,When It's Springtime in the Rockies,In A Little Spanish Town,,,,,,,,,,,,,,
01989-00001,Reading by Brent Atwater,"Posey's Dec. 17, 2014",Cass,del,CD,,,12/31/2014,My tape recorder has a bad squeeking sound in places during my recording.  I recently recieved an email from Alex who said the majority of it would be removed,,,,,,,,,,,,,,,,,,,,,,,,,,,,,
01992-00001,The French Quarter Band,Dixieland Christmas: 12 Dixieland Christmas Favorites,Cass,std,CD,,,1/5/2015,,,,,,,,,,,,,,,,,,,,,,,,,,,,,,
01987-00001,Personalized Name Tunes music cassettes,Melissa,Cass,del,mp3,,,1/5/2015,,,Hello Song,Good Morning,Rubba Dubba,The Mirror,Goodbye,,,,,,,,,,,,,,,,,,,,,,,
02009-00001,,Phil,Cass,std,mp3,,,1/5/2015,,,,,,,,,,,,,,,,,,,,,,,,,,,,,,
02009-00002,,Marie Thompson,Cass,std,mp3,,,1/5/2015,,,,,,,,,,,,,,,,,,,,,,,,,,,,,,
01990-00001,S. C. Hamilton,The Irish Flute Player's Handbook,LP,std,CD,,,1/5/2015,,Is this actually a 45?,,,,,,,,,,,,,,,,,,,,,,,,,,,,
01988-00001,Thunder & Roses,,45,,CD,,,1/6/2015,,,See Saw (Rob Mansfield),The River That Flows (W. Bagley),,,,,,,,,,,,,,,,,,,,,,,,,,
01988-00002,The Canadian Rogues,,45,,CD,,,1/6/2015,,,Oop-Poop-A-Doop (Jesse Hill),Keep In Touch (H. Criswell - Willie Metts),,,,,,,,,,,,,,,,,,,,,,,,,,
02008-00001,,Os Grandes Sucessos de Carlo Galhardo,LP,del,CD,,,1/6/2015,,,Facsina????o,Gira...Gira...Gira,Italiana,Vela Branca S??bre O Mar,Lenda ??rabe,Linda Borboleta,Adeus Amor,Madame Pompadour,A Pequina Cruz Do Teu Ros??rio,Mulher,Algu??m,Bodas De Prata,,,,,,,,,,,,,,,,
02008-00002,Gal Costa,Agua Viva,LP,del,CD,,,1/6/2015,,,Olhos Verdes,Folhetim,De Onde Vem O Baiao,O Bem Do Mar,Mae,Vida De Artista,Paula E Bebeto,A Mulher,Pois E,Qual E Baiana,Cad??,O Gosto Do Amor,,,,,,,,,,,,,,,,
02008-00003,Delermando Reis,,LP,del,CD,,,1/6/2015,,,Gemido D'Alma (Valsa),Candanguinho (Choro),Branca (Valsa),Carinhoso (Choro),Ya (Valsa),Magoas De Africano (Choro),Serenata Do Adeus (Valsa),Em Uma Rua De Coimbra (Fado-cancao),Feitico (Choro),Celeste (Valsa),Mensagem (Samba-cancao),Alma Apaixonada (Valsa),,,,,,,,,,,,,,,,
02008-00004,Quarteto Arautos Do Rei; Organistas: Ida Bergold-Genoveva Bergold,Musica Celeste,LP,del,CD,,,1/6/2015,,,Musica Celeste,"Oh, Quao Feliz Eu Sou","Tudo, O Cristo, A Ti Entrego",Quem Esta A Porta Esperando?,Tens Cida Em Olhar,Abre-Me Os Olhos,Quando Jesus Veio Morar Em Mim,A Manha Gloriosa,Eu Nunca Te Deixarei,Rosa De Sarom,Calma Teras,Falando Com Jesus,Mais De Cristo,Louvai Ao Senhor,,,,,,,,,,,,,,
02008-00005,Harvest Celebration,Praise,LP,del,CD,,,1/6/2015,,,Surely the Presence of the Lord Is in This Place,Offering ,I Will Praise Him,The Broken Heart,"It Is Finished, The Battle Is Over",It Is Well With My Soul,Peace,More of You,Give Them All to Jesus,"Water Medley: Like a River Glorious, Ho! Everyone That Is Thirsty, Showers of Blessing, For Those Tears I Died, Part the Waters, Springs of Living Water, Peace Like a River",,,,,,,,,,,,,,,,,,
02008-00006,Wayne Newton,The Old Rugged Cross: Songs of Faith and Inspiration,LP,del,CD,,,1/6/2015,,,The Old Rugged Cross,It Is No Secret (What God Can Do),Somebody Bigger Than You and I,Who At My Door Is Standing,The Gifts of God,Whispering Hope,Just a Closer Walk With Thee,What a Friend We Have in Jesus,Rock of Ages,"Take My Hand, Precious Lord",The Power of Prayer,The Lord's Prayer,,,,,,,,,,,,,,,,
02008-00007,Quarteto Arautos Do Rei; Organistas: Genoveva Bergold,O Rapaz Davi,LP,del,CD,,,1/6/2015,,,O Rapaz Davi,Cancao Do Sono,Cristo Ama As Criancas,Em Sua Mao,Seja O Coracao Alegre,Cristo Ama As Criancinhas,Estrelinhas Que Piscais,O Relogio,Sabes Quantas Estrelinhas,Louvai-O Todas As Criancas,Belas Maozinhas,Os Muros De Jerico,O Setimo E P'Ra Cristo,Amor Nos Faz Contentes,Prece Da Crianca Neorueguesa,,,,,,,,,,,,,
02008-00008,Engelbert Humperdinck,Release Me,LP,del,CD,,,1/6/2015,,,Release Me (And Let Me Love Again),Quiet Nights,Yours Until Tomorrow,There's a Kind of Hush,Ten Guitars,This Is My Song,There Goes My Everything,Take My Heart,Il Mondo,Talking Love,Walk through This World with Me,How Near Is Love,,,,,,,,,,,,,,,,
02008-00009,Engelbert Humperdinck,A Man Without Love,LP,del,CD,,,1/6/2015,,,A Man Without Love,Can't Take My Eyes Off You,Here to Eternity,Spanish Eyes,A Man and a Woman,Quando Quando Quando,"Up, Up and Away",Wonderland by Night,What a Wonderful World,Call on Me,By the Time I Get to Phoenix,The Shadow of Your Smile,,,,,,,,,,,,,,,,
02008-00010,Jos?? B??ttio,Cascata De Valsas Vol. 6,LP,del,CD,,,1/6/2015,,,Rapazaida Do Bras,Longe Dos Olhos,Lagrimas De Vergem,Serenata Em Rebeirao Preto,Saudades De Iguape,Fonte Dos Amores,Aurora,Raios De Sol,Saudoso Passado,Bonequinha,Branca,Ave Maria,,,,,,,,,,,,,,,,
01974-00001,Milt Jackson with the Thelonious Monk Quintet,Milt Jackson with the Thelonious Monk Quintet,LP,std,mp3,,,1/6/2015,,,,,,,,,,,,,,,,,,,,,,,,,,,,,,
01970-00001,Grandmother & Mignonne C. Maxwell,Lullabies,Cass,std,CD,,10,1/7/2015,,Checking on 10 copies or 10 indiviudal tapes,,,,,,,,,,,,,,,,,,,,,,,,,,,,
02005-00001,Meredith Wilson,Chicken Fat,45?,std,CD,,,1/7/2015,,,,,,,,,,,,,,,,,,,,,,,,,,,,,,
02005-00002,The Blazers & The Yodelin' Guides,Track! Songs of the Skiiers,LP,std,CD,,,1/7/2015,,,,,,,,,,,,,,,,,,,,,,,,,,,,,,
02005-00003,Bob Gibson,Ski Songs,LP,std,CD,,,1/7/2015,,,,,,,,,,,,,,,,,,,,,,,,,,,,,,
01999-00001,"Delta Gamma Fraternity, Beta Theta Pi Fraternity, Theta Xi Fraternity",Washington University 1960-1962,LP ,del,CD,,,1/7/2015,,,Delta Gamma Fraternity,Beta Theta Pi Fraternity ,Beta Theta Pi Fraternity ,Beta Theta Pi Fraternity ,Beta Theta Pi Fraternity ,Theta Xi Fraternity ,Theta Xi Fraternity ,,,,,,,,,,,,,,,,,,,,,
02004-00001,Cathedral High School Choir,,78,std,CD,,,,,,,,,,,,,,,,,,,,,,,,,,,,,,,,,
02004-00002,Monica Spriggs,My Wild Irish Rose,78,std,CD,,,,,,,,,,,,,,,,,,,,,,,,,,,,,,,,,
02004-00003,Cathedral High School,"""I Speak for Democracy"" Speech, 1951",78,std,CD,,,,,,,,,,,,,,,,,,,,,,,,,,,,,,,,,
02004-00004,Monica Spriggs,,78,std,CD,,,,,,,,,,,,,,,,,,,,,,,,,,,,,,,,,
02004-00005,"Girl's Glee Club, 1952",Through the Night and Silent Night,78?,std,CD,,,,,,,,,,,,,,,,,,,,,,,,,,,,,,,,,
02004-00006,Monica Spriggs,1952,78,std,CD,,,,,,,,,,,,,,,,,,,,,,,,,,,,,,,,,
02006-00001,"Dr. K. Owen White, Preaching","Morning Worship Service, Februrary 24, 1980: ""What Shall the End Be?"" ",Cass,std,mp3,,,,,,,,,,,,,,,,,,,,,,,,,,,,,,,,,
02006-00002,,"Grandparents' Day at Flat Rock Baptist Church, 10/04",Cass,std,mp3,,,,,,,,,,,,,,,,,,,,,,,,,,,,,,,,,
02006-00003,,Dr. Wayne North (5/5/85 AM) and Rev. Jack Marslender (5/5/85 PM),Cass,std,mp3,,,,,,,,,,,,,,,,,,,,,,,,,,,,,,,,,
02006-00004,,Dad's Story HIV (1/18/98),Cass,std,mp3,,,,,,,,,,,,,,,,,,,,,,,,,,,,,,,,,
02006-00005,"Dr. K. Owen White, Preaching","Morning Worship Service, August 30, 1981: Dr. K. O. White Day",Cass,std,mp3,,,,,,,,,,,,,,,,,,,,,,,,,,,,,,,,,
02006-00006,,"2:30 Service Honoring Dr. K. O. White, August 30, 1981",Cass,std,mp3,,,,,,,,,,,,,,,,,,,,,,,,,,,,,,,,,
02006-00007,K. O. White,"Preach the Word, 1970",Cass,std,mp3,,,,,,,,,,,,,,,,,,,,,,,,,,,,,,,,,
02006-00008,"Dr. K. Owen White, Preaching","Morning and Evening Worship Services, August 27, 1978",Cass,std,mp3,,,,,,,,,,,,,,,,,,,,,,,,,,,,,,,,,
02006-00009,"Dr. K. Owen White and Ed Huffman, Preaching","Morning and Evening Worship Services, 10-4-81",Cass,std,mp3,,,,,,,,,,,,,,,,,,,,,,,,,,,,,,,,,
02007-00001,Mel & Kim,I'm the One Who Really Loves You,45,,mp3,,,,Can I have a .wav file please?,,Vocal/Pop Radio Mix,Vocal/Hip-hop Radio Mix,,,,,,,,,,,,,,,,,,,,,,,,,,
02010-00001,The Florida Boys,Together,LP,std,CD,,,1/12/2015,,,,,,,,,,,,,,,,,,,,,,,,,,,,,,
02018-00001,,,cass,std,CD,,,1/13/2015,Add'l mp3 copy,,,,,,,,,,,,,,,,,,,,,,,,,,,,,
02018-00002,,,cass,std,CD,,,1/13/2015,,,,,,,,,,,,,,,,,,,,,,,,,,,,,,
02011-00001,,Lily Bull childhood sounds 2011 - July 29,cass,del,mp3,,,1/13/2015,,,Untitled,,,,,,,,,,,,,,,,,,,,,,,,,,,
02011-00002,,Lily - meeting with Dr. Limtiaco,cass,del,mp3,,,1/13/2015,,,Untitled,,,,,,,,,,,,,,,,,,,,,,,,,,,
02011-00003,,Lily - more childhood,cass,del,mp3,,,1/13/2015,,,Untitled,,,,,,,,,,,,,,,,,,,,,,,,,,,
